,FTg113,FTg115,FTg117,FTg118,FTg119,FTg124,FTg125,FTg126,FTg127,FTg130,FTg133,FTg140,CFTg89,CFTg91,CFTg99,CFTg106,CFTg107,CFTg120,CFTg121,CFTg122,CFTg123,CFTg134,CFTg135,CFTg136
Name,Tg0,Tg0,Tg0,Tg0,Tg0,Tg0,Tg0,Tg0,Tg0,Tg0,Tg0,Tg0,Tg1000,Tg1000,Tg1000,Tg1000,Tg1000,Tg1000,Tg1000,Tg1000,Tg1000,Tg1000,Tg1000,Tg1000
1,0.550477799,0.467644352,0.563739808,1.454061874,0.458295147,0.53444637,0.944821956,2.392502855,0.39102472,0.439658288,0.490489836,0.456171829,1.761970246,0.739571933,0.77889764,1.578435933,0.566885987,2.71395537,0.847082537,0.806738982,0.922755949,0.417866883,0.34252211,0.614149158
2,0.609421562,0.906026404,0.764500844,0.932673754,0.82060128,0.763404338,0.752180146,0.969803079,1.018836732,0.640545758,0.569121584,0.938435119,0.818115857,0.812225745,0.646662067,0.820606299,0.97482186,0.798902072,0.761739868,0.620454043,1.220719347,0.889322664,0.664668865,0.922564805
3,0.845185037,0.91193156,1.115949334,1.328930692,1.166026895,0.524379694,0.433447514,1.401133028,0.770574116,1.522590153,0.540081421,0.991876374,0.872578281,1.373754907,1.436574277,1.580779331,1.351476326,1.448829903,0.715776185,1.182663475,1.221715647,0.749111055,0.388769889,1.346171593
4,1.526908022,0.939790767,1.060139968,1.18293339,0.615666671,1.26831213,0.676637106,1.289251655,1.60834639,1.083671209,0.37806644,0.80803291,0.637682377,0.443480863,0.620712934,1.064763876,0.711545806,1.000652903,0.750050434,0.881710107,0.743438956,1.7517591,0.698954268,0.983322713
5,1.01460097,0.986921217,1.116174082,0.919434535,0.873696295,1.181214651,0.960582928,0.889008474,1.554008923,1.072454164,1.078511165,1.116088283,0.938542468,1.058523697,1.14963813,1.103195445,1.171901051,0.776474587,1.013380124,0.996934008,1.086989537,0.828642414,0.989128224,1.024860947
6,1.054882747,0.853144063,1.091108779,0.96945761,0.93627088,1.107901143,0.910987718,1.026918138,0.906998689,1.09293862,1.041593985,0.979356538,1.01670509,1.003958102,0.87920033,0.90431147,0.877754368,0.904771462,0.991667567,0.866456883,0.98396323,0.932299155,0.892721966,0.928049289
7,0.637770155,1.892933372,0.762054697,0.706920049,1.524873952,0.824145254,1.308018657,0.8005208,0,1.500711337,1.285532279,1.238387726,0.641465384,0.738981425,0.779147963,1.176258304,0.79659654,1.178231247,0.526710952,0.713116133,1.088258205,0.959354074,1.12297483,0.690263576
8,0.708721473,0.710632885,0.608505946,0.124613078,0.938459791,0.746264893,1.034239403,0.197831189,0.433732054,0.674974052,0.575409689,0.735807482,0.70318164,0.551174218,0.629253231,0.334152395,1.082470949,0.426171232,0.85964822,1.331867424,0.633300118,1.097271286,1.174183315,1.251902952
9,0.99382109,0.960865205,1.016870692,0.848221825,0.955861077,1.01159616,0.868851411,0.922621535,0.877170376,0.955846515,0.944700054,0.947058517,1.078464446,0.976231332,0.975670679,0.902211403,0.959800092,0.868272293,0.920171457,0.98856201,0.943548222,0.892910395,0.92606365,0.917043508
10,0.667400536,0.76075623,0.815969069,0.848068196,0.765038832,0.786679383,0.750668482,0.878200515,0.828284585,0.650891462,0.730219149,1.021374896,0.821074325,0.818214051,0.810320371,0.939403468,0.97681351,0.960682789,0.853686412,0.836034135,0.902439746,0.804590174,0.756005967,0.989586992
11,0.816137425,1.150658336,1.139577712,0.897561839,0.886318925,0.862465563,0.758142992,0.893418008,1.120078751,0.728295051,0.818495029,1.022553384,1.110702618,0.939866936,1.307358417,0.826030675,0.703882689,1.096965735,1.121623149,1.255253516,1.025197383,1.16858878,0.976544486,1.160471997
12,1.487308086,0.839377596,0.824962414,0.938142246,1.830246206,0.631202907,1.534951394,0.85846757,0.645439765,1.203072093,1.144903834,0.480124101,0.961337668,0.759008798,0.695794275,0.772645687,1.912937365,0.66405771,0.916034125,0.567591786,0.914636321,0.816996363,0.558927913,0.751351267
13,0.905958297,1.497667825,0.817091371,0.980280368,0.909846857,0.929084012,0.701725768,1.124873366,0.091166923,0.94377769,1.251032692,1.180886417,1.200800724,0.998783551,0.759803914,1.206193444,0.701365955,1.048820421,0.273467452,1.087268508,1.141022704,1.11348289,1.003222477,1.007537133
14,1.68383325,1.446061495,1.237934703,1.228930842,1.517762611,1.201353753,1.206135352,1.175888879,1.216233396,1.462938207,1.081954763,1.530594735,1.257339743,1.347385187,1.375023071,1.265785143,1.44791573,1.579326593,1.076322326,1.492969243,1.370664737,1.117498667,1.469183165,1.316778224
15,0.897259148,1.055177909,0.905784446,1.012389023,0.827403045,0.902408531,0.990154615,0.889405357,0.990617709,0.787506272,0.871010311,0.970602753,0.937372322,0.989081884,0.880652089,0.779046775,1.006133536,0.872312579,1.143282389,0.842488443,0.943149248,1.128476441,1.066726672,1.129352298
16,0.795444945,0.977384151,0.871583093,0.973168968,0.912784078,0.79174058,1.002133976,0.908085436,0.890729394,0.858888009,0.679551209,0.940307602,0.807028057,0.828958737,0.861812088,0.784301317,0.870487173,0.873828018,1.021732468,0.794063965,0.831627933,1.364373751,0.90575067,1.023196949
17,0.944121365,0.881928829,1.177969994,0.904036146,0.913580813,1.243360326,0.814401732,0.871951396,1.069908847,1.067781211,1.084919068,1.082737183,0.915151119,0.866837972,0.982870447,1.268346158,1.114278845,0.918984034,0.893860322,0.949816139,0.973522115,0.981129689,0.8281843,0.937398834
18,0.782500443,2.366238497,0.03117312,0.012371424,0.006297249,0.014480795,1.987582911,1.249048531,0.010196995,0.011384371,0.044724271,0.030099813,0.027043917,0.009841883,0.031733097,0.013867561,1.734014519,0.04615737,0.023711747,2.893473174,0.014978573,0.018407672,2.112371273,0.011156865
19,0.769026036,0.835449914,0.683690569,0.770970836,0.616897374,0.692511906,0.673622903,0.65765464,0.63611364,0.764452943,0.781955392,0.630430709,0.42704131,0.603502156,0.551698227,0.75616037,0.770179106,0.895275081,0.725077944,0.608604655,0.82130362,0.711565842,0.626350192,0.858352331
20,0.310196136,0.211266356,0.78617219,4.042072047,0.264260837,0.747680263,1.024886306,0.426982807,0.292824567,0.430796625,0.689294713,3.187598102,3.651703825,0.284108446,1.165958873,0.26542696,0.261306827,0.446380943,0.557684587,0.193157205,0.60651387,1.672019575,1.033801156,0.303028355
21,1.272578225,1.034098843,1.193217822,1.457091498,0.846298632,1.250365839,1.112508225,0.869121614,0.769482271,1.542905037,1.00789006,0.911146303,1.153467751,1.038108207,0.649477956,0.711212487,1.465617416,0.846909433,0.98427437,0.829080093,1.010961617,0.808606273,0.914128159,0.881268608
22,0.646326162,0.90016702,0.952717681,1.044155139,1.161814287,0.773185774,0.833424658,0.72353614,0.945453167,0.837932807,1.175535297,0.832476241,0.961485104,1.077100192,0.418031899,0.781940698,1.178383305,0.7575699,1.103130351,0.749273149,1.404329008,0.999751657,1.159189576,0.978158017
23,1.162351676,1.276416179,0.968350128,1.029030015,0.90901431,1.35464467,0.875965514,1.081341742,1.064694832,1.319702114,1.199390998,1.277374016,0.969441249,0.767007733,0.850749862,0.915390694,1.149860614,1.153863382,1.14576432,1.045834731,1.071691805,0.992011905,0.880886456,0.948128214
24,0.283326462,0.47662546,1.70075093,0.790223618,0.369135912,0.509794118,0.120791577,0.530749685,0.84577625,0.448472938,1.271064384,0.823262393,0.20221007,1.38108398,2.59649954,1.056718896,0.490034213,0.795158459,0.709046995,0.725585843,0.619498122,0.93868537,0.63488831,1.508791774
25,0.663936571,1.097940915,0.881193592,0.696334084,0.868706255,0.65227616,0.861206071,0.954046059,1.009754645,1.104838131,0.792667894,1.165647173,0.613282449,0.832086068,1.272753009,0.630888563,0.943797607,0.744254993,0.722318385,0.747207504,0.321231559,0.522855417,0.976585923,0.691006032
26,0.766292737,0.876503678,0.881829201,0.90659959,0.778517101,0.855697625,0.775580717,0.826586664,0.842633751,0.669112924,0.853937467,0.919098669,0.769079255,0.876840571,0.748064038,0.802141393,0.989539121,0.800261676,0.847128941,0.793386734,0.901250899,1.051364089,0.946826105,0.97412209
27,0.779736781,0.931021463,0.873655262,0.858676983,0.868950523,1.016662783,1.068906327,0.888723549,0.966748235,0.963249216,0.954535466,0.917511773,0.914160278,0.83579434,0.72702796,0.841470495,0.955067956,0.655646654,0.844082556,1.135312577,0.83472333,0.787373689,0.821404526,0.745940286
28,0.77559197,0.808580704,0.782964884,0.267182188,0.951776472,0.815490726,0.986486275,0.412155219,0.433265412,0.620672643,0.736679117,0.867620638,0.828932918,0.724102378,1.021691685,0.359954631,1.087173679,0.463515369,0.632341105,1.224328719,0.636684486,0.93703497,0.996637872,1.071005432
29,0.845441397,0.953217372,0.970633563,1.036033019,0.96876249,0.853359771,0.970294508,0.987864785,0.951202629,1.127164875,0.924324445,0.937895081,0.894117492,1.018099517,0.953049749,0.866868664,1.020580826,0.927441691,1.009081608,0.973885073,1.069070337,1.099473974,1.041664142,0.925584032
30,0.964635514,1.076297616,1.108221577,0.908457936,1.055596774,0.987404348,1.068139745,0.79204769,0.852223456,0.943627163,0.809178245,0.919385073,0.971153187,0.984179556,0.924692837,0.687986284,0.853292469,0.959432193,1.02208817,0.922151064,0.999328664,1.223808977,1.224639432,1.096123051
31,0.893944403,1.313086947,0.723240958,0.819314917,0.784777638,0.837047082,1.450859427,0.913921959,0.928075028,0.864074102,0.937638763,0.801104639,1.030225527,0.925561912,0.976670429,0.628085444,1.286212718,1.024533188,0.901361716,1.425352598,0.954661895,1.117633723,1.237378412,0.945048945
32,1.074563213,0.937184009,0.902486591,1.272155335,1.211903472,0.872871391,0.881348895,1.125947653,1.139588956,0.935852481,0.952108687,0.891910343,1.391193632,1.074954522,0.964887118,1.01291512,1.147084058,0.981523899,1.741100417,1.120156651,1.059284039,1.157183123,1.329250347,1.402463682
33,0.163463297,0.567964941,0.548162054,0.133241892,0.431322202,0.286776598,0.55639736,1.330061109,1.418723029,1.184125339,1.235673962,1.241496432,0.350027812,0.442590857,0.217335933,0,1.599817102,0.154266958,0,0,0,0.356106557,0.087566915,0.174344114
34,0.706576982,1.096178229,0.983370459,0.976728961,0.921957447,0.617963229,1.131048602,0.961662378,0.644577979,1.115236832,0.901124537,1.30330937,1.046988897,0.954031767,0.888142575,0.734996236,0.850198313,0.907278671,1.157594778,0.652339929,0.992035548,1.321094299,0.993688682,0.959341776
35,0.972464697,0.922973821,1.026179508,0.958059611,0.902370052,1.027111401,0.947100497,0.99860655,0.912292307,0.940202034,0.923050981,0.959213508,1.005748913,1.110846436,1.00956981,0.917895698,0.972720121,0.84957529,1.022389609,1.02403684,1.086631431,0.964889019,1.085345101,1.061004734
36,1.04331527,0.969041219,0.941199431,0.968711225,0.925590096,0.929166379,0.870161869,0.955550157,0.895728436,1.009299994,1.069107743,0.932679363,0.93218794,0.989484422,0.854712449,0.987584212,1.092392879,0.910096026,0.972806751,0.907606864,0.914401315,0.952846336,0.917826477,0.974154218
37,0.908656742,1.079604157,1.215618086,0.925236802,0.842308815,1.172301488,0.814024485,0.837975588,0.710272703,0.869045352,0.964055116,0.950380021,0.790396937,1.083297128,1.158706054,0.992591405,0.860738253,1.143632407,0.860417756,1.24217479,0.765216129,0.94815912,0.989599232,1.015992586
38,0.942521982,1.091422546,1.338998956,0.849486331,0.849763863,0.961152421,1.282540137,1.047521146,0.80094116,0.978660025,0.714130322,0.850980209,0.999772241,1.028254675,0.70815047,0.66799603,0.963581404,0.883633383,0.869242874,1.079006784,1.130819962,0.958817602,0.880960733,0.842177753
39,0.800924329,1.077569737,0.970526577,1.011938892,0.997247248,1.000177809,0.755603789,1.045177582,1.166373542,0.857856096,0.970325741,1.121609935,1.112312944,0.88517013,1.229236726,1.023873839,1.15561927,1.147957453,0.828139579,0.664391719,1.014779503,0.754114774,1.023432172,0.772177079
40,0.929885776,0.980067347,0.984573277,0.941922271,0.966295388,1.003140658,0.907522329,0.938493544,0.958554189,0.914024556,0.944246433,0.97210869,0.981759551,0.910154219,0.962229821,0.986646926,1.021110967,0.94504909,0.980169493,0.978219493,1.011199078,1.012843397,0.884084797,0.966094425
41,1.357626401,1.344231175,1.271373397,1.141974013,1.229327617,1.186975586,0.858513944,1.3904555,1.725530146,1.252024454,0.388761656,1.208312877,1.240008674,1.168073058,1.210681933,1.482159367,0.587268238,1.367013545,0.816227763,1.425693128,1.005946073,1.38312984,1.296847156,0.848986183
42,0.975646096,0.998476798,1.002353785,0.892812956,0.820482044,0.470634638,0.663946475,0.534601667,0.518622188,1.035603664,0.564220155,0.411264185,0.890358834,0.910779158,1.154155841,0.644060009,1.048374086,0.974645191,0.872056447,0.810575264,0.714640002,0.89315443,1.018998629,1.173949523
43,1.052420013,0.881903157,0.793643199,0.925038062,0.985541356,1.092477126,1.239425139,0.686741341,1.077447439,1.748686438,1.569952164,1.050833309,0.552785078,0.57573923,0.974316852,1.186821664,0.996751916,1.505672512,1.384519533,1.021803943,0.838558702,0.638254083,0.956243189,1.379978731
44,1.195743477,0.790889359,0.878439481,0.786574095,0.843689103,0.796536872,0.891663804,0.669628117,0.745916524,0.867558039,0.927990323,0.917629896,1.05789787,0.928137251,1.090401817,0.776265722,0.920087852,0.944553801,0.808621872,0.931014315,0.634500907,0.856133291,1.253285532,0.893785882
45,1.074528409,1.005438201,0.983253754,0.930306294,1.003351044,1.011752958,0.724260965,0.955588411,1.381580141,1.03880349,1.496023669,1.196741387,1.040776605,0.884030464,1.050072351,1.0509349,1.128350559,1.11262887,1.316794688,0.944269264,1.149532874,0.777059946,0.880592012,1.224250504
46,0.979521026,1.060344373,0.837316008,1.177619425,1.073048761,1.03408162,0.800376502,0.910414237,1.019184933,1.288407435,1.260006009,1.0718938,0.936936986,0.762151305,0.782744831,1.042385227,1.181681108,1.107299536,1.203651843,0.973968617,1.159942442,0.946973667,0.926772988,0.869859427
47,0.921533392,0.96454137,0.886931775,0.937152543,0.907721908,0.84186624,0.887815117,0.906673258,0.979318106,0.881623449,0.82544171,0.992373338,0.923950113,0.879909701,0.872626839,0.965424926,1.049626669,0.882183106,0.916269461,0.870762555,0.867488445,0.981081,0.859079952,0.916541335
48,0.962188177,0.830784538,0.921174247,1.085604312,0.896002783,0.962268124,1.189455702,0.997021529,0.922920122,0.994503669,0.982981159,0.885747978,1.067992751,1.04321143,0.85489522,0.89952088,0.985045871,0.992297872,1.016223642,0.965214186,0.868779514,1.282601156,1.047881952,0.939246322
49,0.909975803,1.029986438,0.930046033,1.099678534,0.926256777,0.97803362,0.94254395,0.895047254,1.098081094,0.907257427,0.862783264,1.050969932,0.840871029,0.857096108,0.809748983,0.910243607,1.058889219,1.003604084,0.903213185,1.017332293,1.087981633,0.959585419,0.830149996,1.04398463
50,0.518771829,0.596179969,0.753603582,0.273572485,0.362338686,0.81766732,1.032465923,0.56104345,0.368795889,0.424280906,1.508618046,0.869740152,0.390126493,0.586350437,0.454908242,1.453356061,1.319422383,0.526398311,0.396663455,0.588250389,0.684750602,0.621345364,0.761601077,0.696384691
51,0.450469219,0.43131633,0.664084785,0.489842801,0.264880116,0.700907068,0.766535746,0.408374506,0.341380226,0.267751764,1.550423582,0.842658378,0.48759425,0.480116101,0.489465836,1.472363705,1.50084416,0.535350961,0.426800234,0.362005761,0.591354775,0.750495766,0.554832308,0.562938078
52,0.810569414,1.12356586,1.035248735,1.143977772,0.937853569,0.800070294,1.002022233,1.220677693,1.074182853,0.799017899,0.736451334,0.928753247,0.932604711,0.925036843,0.802243032,0.899526892,0.946316795,0.912374964,1.029745485,0.831657068,0.918234745,1.228125116,0.958993451,1.0029352
53,0.974199872,1.140685624,0.900066906,0.741382979,0.889110175,1.299310584,0.946280988,1.076156006,0.818730477,1.015261382,2.048835666,1.29803352,1.154807245,1.032526339,1.041108963,1.000778997,1.842750823,0.834145852,0.979610918,0.969975815,0.970783839,1.423748199,0.607879629,1.031566906
54,0.662922131,1.082852339,0.776018523,0.737864852,1.007160443,0.789976862,0.92299287,1.105443881,1.099791608,1.486280038,0.824400866,1.021853735,0.663583254,0.890492897,0.73219434,0.882811941,0.628618822,0.938660992,0.850949297,0.678536724,1.443483541,0.657260475,0.869305905,1.341947373
55,0.899433881,0.97616841,0.951042675,0.990096645,1.00409309,0.941712913,0.939336489,1.010268248,0.920734619,0.981687679,0.924567465,0.943030328,0.857254879,0.809135304,0.894412423,0.922113598,0.979779729,0.965067212,0.984977713,0.907766585,0.992365405,0.945309626,0.902821668,1.011236667
56,1.105027877,1.104566547,0.835725602,1.022428091,0.688360674,1.026604999,1.249456427,1.029051665,1.473904779,1.024795663,1.14795153,1.064928359,1.078657397,0.930485387,0.798639876,1.271757653,0.734715566,1.19210625,1.428928817,1.007242968,0.81778146,0.973399839,1.166766244,1.144809886
57,1.216079848,1.017368854,0.957108965,1.102698857,1.178412819,0.887846439,0.757589061,1.026451215,1.095944302,1.303514241,1.023183927,0.916557843,0.942961589,1.130254893,0.966285491,1.153917429,1.276060375,0.92897026,0.912872049,0.919661405,0.837004295,0.989282432,0.969162924,0.803806937
58,0.967569563,1.018439525,0.947360717,0.972801179,0.962514401,0.951918182,0.902276663,0.965911237,1.032034805,0.932737779,1.017058046,0.967099095,0.990753067,0.952625917,0.891407659,0.95908009,1.018576784,0.98388525,0.984565706,0.986350158,1.035565083,0.987466101,0.903857231,0.94640835
59,0.941573538,0.9835551,0.963503626,0.986758767,0.924609239,0.979785332,0.955816699,0.981135073,0.897010491,0.731687568,0.930135267,0.924716245,1.026120128,0.924308997,0.990394952,0.982249987,0.99065299,1.088194038,1.062526512,1.040726808,1.031510327,1.02030604,0.980326854,0.948405118
60,1.291654051,0.896833663,0.889668895,0.766601456,0.929286437,1.099148208,0.750810456,0.9356912,1.035498986,1.250255362,1.21174044,0.904779323,0.655047414,0.595872694,1.027252854,1.12701415,1.455369293,1.080734745,0.667577818,0.825886276,0.676941016,0.713283996,1.105060223,0.822386913
61,1.077859398,0.926195175,0.683189696,1.124725952,1.263441925,0.838117012,0.586490321,0.911619955,0.920306493,0.786063495,0.94391105,1.097319883,0.399070884,0.400649022,0.854043776,0.947527753,1.533241373,1.015773553,1.032618654,0.660974135,1.448266096,0.480933891,0.91036689,1.037463514
62,1.117677492,0.99498233,1.087789675,0.983692788,1.104598454,0.982039455,1.008922779,0.841574668,0.679259643,0.699834635,0.772270578,0.965921073,0.985105252,1.358211751,0.893403025,1.001834748,1.248291886,1.311587786,1.047251886,1.272949414,0.611247708,0.666221034,0.720990112,0.891034809
63,0.58235795,0.880228501,4.210400626,0.71189334,0.822102009,0.684344183,0.76571404,0.856679724,0.864923687,0.623325097,0.505648899,0.806223369,0.745959338,0.903291934,0.656190371,0.906154487,0.901178869,0.852900536,0.887463186,0.690567686,1.295625497,0.926939605,0.64784884,0.83472204
64,1.008408111,0.929512678,0.82395095,1.057039048,0.934084269,0.967173958,0.62082518,0.823093626,1.103122877,0.751656537,1.319407224,1.054796837,0.768064673,0.997578549,1.001877562,1.021138153,1.325007544,0.728267895,0.941593118,0.644592493,0.979972131,1.035413129,1.012957279,0.755670167
65,0.930608017,1.029658437,0.900151164,0.932348981,0.906659419,1.17972439,0.767626121,0.963276118,1.166827338,0.996313471,0.956730073,1.15422433,0.829122521,0.828828128,0.91530504,1.013599931,1.058597233,0.926652664,0.982119757,0.860285942,1.019572731,0.784994737,0.801008598,0.806426392
66,0.937629311,1.031836424,1.063590591,1.029127008,0.881415925,0.964933126,1.095117798,0.962144783,0.918527247,0.92997522,1.022009498,0.974750532,1.071670646,1.026477866,0.863073673,0.885119173,0.904390285,0.875499469,1.06640608,0.950990349,0.974495435,1.099425784,1.191598367,0.972896128
67,0.807942104,0.919688825,1.021991175,1.000345556,1.026239633,0.900561123,1.134914992,1.042311004,0.989751012,0.750786066,1.223257337,1.068126026,1.116028731,0.833874338,0.76462925,0.878359251,1.016580779,0.757011909,1.066131705,1.0850888,0.836029842,1.076572175,1.019004131,0.885496194
68,1.091337422,1.093410015,0.933204254,0.942765882,0.768483122,0.889022822,1.005616966,0.937381423,1.136503653,0.963114779,1.1627713,1.169471936,1.060115525,0.880043761,0.781391351,1.115237688,0.814273616,0.888179384,0.707798961,0.937288607,1.161671222,1.027376218,1.090201765,0.803042924
69,1.072922355,0.897647737,1.074921681,1.218181976,0.755816752,0.82467303,0.827210511,0.943243275,1.058885304,0.974560506,1.306501188,1.07916323,0.887296333,0.834600243,1.027774658,1.280714336,0.958320626,0.807471143,0.784323188,0.841491,1.295946645,0.971188193,0.984414564,0.90645321
70,1.032063662,1.061480474,1.099329132,0.858465163,0.84252672,1.160885443,0.769223631,0.92189466,0.910372712,0.964282918,1.080438416,0.991459085,0.870939149,0.840344663,0.891397426,1.182279577,0.887919124,0.908411464,0.778700609,0.787999449,0.86122507,0.88106246,0.844695891,0.946535359
71,0.891659563,0.924991402,1.010610818,0.90915724,0.940271726,0.888314302,0.863795217,0.913541703,1.016633974,0.941572699,0.959124018,0.955628539,0.936451753,1.039827488,0.927928233,0.889491631,1.116203129,0.911442782,1.020822078,0.935947741,1.079704369,0.936172732,0.980256637,0.901069391
72,0.538081101,0.89244231,0.782116746,0.996084498,0.664486863,0.716852707,0.649594959,0.985233924,0.998543992,0.503970176,0.447785087,0.831738553,0.741117964,0.780601834,0.520648317,0.793710557,0.836044292,0.751923315,0.794445635,0.474544334,1.664762364,0.882572203,0.571839388,0.871064868
73,0.736666444,0.956702781,0.883770206,0.885626985,0.836884513,0.951604009,0.80181375,0.873506613,0.932279448,0.800320446,0.834529459,0.964593523,0.787258124,0.726336069,0.889200784,0.829592803,0.862875042,0.943872557,0.941599622,0.880428926,1.077600682,0.882063876,0.842777173,0.9444904
74,1.035441267,1.165514092,1.023854099,1.085256135,0.911004463,0.765081173,1.00655843,1.280427403,1.367001088,0.908913106,0.771487178,1.032604228,1.038905203,0.924402903,0.830438175,1.096692251,0.888914902,0.906168935,1.017728373,0.889704023,1.03546973,1.111572366,0.936992603,0.797307631
75,0.747656546,0.944283662,0.872589283,0.856420517,0.844569937,0.767163764,0.757896119,0.773886469,0.785006585,0.677720853,0.745722941,0.849813143,0.78228442,0.800885724,0.733484613,0.736102423,0.881201435,0.885585802,0.945962741,0.808729348,1.135523741,0.943007866,0.815584349,1.013845867
76,0.881210945,1.13462546,0.945049636,1.074854093,0.719907293,0.92630816,0.846482838,0.88344546,1.337117856,0.760174328,0.58226344,1.140509903,0.783659455,0.729770273,0.79582563,0.958503246,0.866479775,1.02672536,0.885418467,0.856735304,0.883566258,1.328602219,0.985547678,1.096573799
77,0.956177862,1.005149369,0.939491163,1.010039975,1.054685602,1.012660339,0.93551508,0.997411303,0.939969574,1.088562838,0.888882137,0.881881806,0.889007431,0.906051231,0.860998687,0.861906914,1.019759669,0.954812995,0.995763555,0.878652479,0.945949519,1.085051928,1.042184106,1.104634293
78,1.005843969,0.932559208,1.037981201,0.973535727,0.784461639,0.902204618,0.852706715,0.891878236,0.930470718,1.031990984,0.941122883,0.98645686,0.956028588,0.981273117,0.996010355,0.831197212,0.962747964,0.888695142,1.006597221,0.957010338,0.965444035,0.917924464,0.989771136,0.977174031
79,0.967833803,1.010842437,0.92779965,1.037443708,1.060399976,1.021475816,1.077274031,0.97085067,0.914573727,1.095716266,1.116629859,1.061789593,0.95666875,0.968295441,0.813661006,1.036763339,1.045104501,0.899684093,1.062206509,1.154216027,1.064460195,0.967201265,0.907400802,1.063128285
80,0.965683267,1.037649429,0.966671727,0.989553144,1.094759525,1.17760931,1.021343845,1.094077656,1.098407555,1.174128937,1.073433822,1.081526564,1.012719174,0.88342526,0.915816812,1.068877277,0.926237561,1.037288112,0.971879533,1.102996318,1.144821963,0.888218437,0.812542164,1.017426536
81,0.94505556,1.010609643,0.970182681,0.94413434,0.91014533,0.973933547,0.951148095,1.091996603,0.992668054,1.055276953,0.863615324,0.994371393,0.96326283,0.819008869,0.91575245,0.940676983,0.941374003,0.927996936,1.024242049,1.064514986,0.948314114,0.992467505,0.882741678,1.012507184
82,0.932536224,0.957216235,0.958165047,0.93710444,0.952746715,0.956213013,0.862381119,1.025687235,1.03002533,0.940636837,0.899578824,0.998313255,0.934227192,0.906297638,0.903584262,0.920718238,0.883821491,0.917969165,0.939032587,1.007764296,1.014194936,0.922223656,0.798695388,0.985018459
83,0.978344199,0.927936741,0.985078973,1.071296849,0.990832953,1.282852587,0.94150579,1.36443098,1.274565172,1.112787095,0.909913068,1.090453554,1.138042526,0.867313015,0.77399419,1.276591456,1.008021553,1.139197428,1.163059688,1.202721227,1.218767946,0.928705136,0.927231855,1.134097803
84,0.844153689,0.853499248,0.94373723,0.928561153,0.786668056,0.938804361,0.733803078,0.915993437,0.943051209,0.808100185,0.90360698,0.999208557,0.893654916,0.926864052,0.880430455,0.859262891,0.903766448,0.814315216,0.919635328,0.932215574,1.001024185,0.773345811,0.72758024,0.917765829
85,1.015275688,0.975262377,1.097667246,0.994918983,1.018221583,1.092949375,0.926192407,1.147193246,1.106025738,1.130134116,0.958339765,1.049814971,1.113648243,1.120492159,1.048480512,1.095029972,0.819233717,0.871245638,1.079751815,1.233008307,1.150429568,0.843869339,0.870330696,1.001448771
86,1.055388815,0.574136143,1.021419491,0.568069455,0.382518329,1.12948656,1.126063894,0.844660768,0.608128046,1.115838036,0.76454861,1.306785307,0.470259458,0.650645726,1.322162044,0.984311991,1.270166155,0.623076074,0.897577269,1.18197175,1.118520261,1.021838115,0.580419222,0.79238097
87,0.837696321,0.991030136,0.932840077,1.070238778,0.92807113,0.755634212,0.988937763,1.103682132,1.036799682,0.760417444,0.641208498,0.914173437,0.836219875,0.870054224,0.907084738,0.771580699,0.877843641,0.951729718,0.962432677,0.808267827,0.872859941,1.241062221,0.87094654,0.991913088
88,0.809321506,0.332278854,0.72435774,0.537090887,0.598693081,1.062729546,1.012288126,0.785997867,0.547175461,1.062067664,0.884777496,1.166651383,0.367188907,0.56858472,1.259603342,0.873373528,1.535971564,0.819293087,0.798240234,1.128682101,0.772104133,1.361598124,0.508046021,0.714520031
89,0.88333513,1.034070649,0.941882134,1.01276376,0.871324926,1.014303531,0.984372811,1.069340292,1.014479948,0.87312807,0.844989912,1.093941692,0.949712921,0.879488632,0.838680632,0.924885408,1.129973334,1.028120732,1.061294364,0.895632372,1.022679447,1.028239607,1.050371279,1.008935222
90,0.783715523,0.921632755,0.842039687,0.709143034,0.950769158,0.873300892,0.855804858,0.949022319,0.918215257,1.018258515,0.7690332,0.836112462,0.704558866,0.818766047,0.854291318,0.717020587,0.894773634,0.804246426,0.864213602,0.771247254,0.854826818,1.080868776,1.009180658,0.906841621
91,0.911803681,1.136171342,0.931888209,0.941254827,0.841747509,0.795506557,0.829793903,1.208154131,1.278371548,0.799812927,0.675739439,0.894303389,0.800488329,0.877229739,0.890042132,1.028262522,0.801897487,0.865454747,0.878407814,0.900433658,1.027004277,0.971875744,0.749305832,0.824942714
92,0.901139815,0.974285094,0.915857314,0.906950967,0.949367281,0.992296245,0.958487251,1.050203233,1.023160634,1.003765908,0.94265773,0.998300744,0.89132201,0.862500793,0.866869022,0.931748512,0.909439687,0.902310529,0.889575435,0.976527946,1.01901319,0.85792351,0.833091106,0.937423776
93,0.93794476,0.97133413,0.931980446,1.000001032,0.993554028,0.985338765,0.920693474,0.964633712,1.020741027,0.976101796,0.95980691,0.990253773,1.007557295,0.961612533,0.967859412,0.945910203,0.947922072,0.924256711,0.949129441,0.959706535,1.017188673,0.971278098,0.935047536,0.992667937
94,1.126451706,0.973772694,1.148814853,1.092511034,1.116629934,1.317250039,1.017619133,1.084973026,1.028244204,1.178816888,1.066916584,1.099697317,1.247678164,1.131478434,1.062591747,1.035638933,0.88430235,1.018823554,1.041577245,1.139367723,1.06099137,0.988185214,1.123040081,1.042077018
95,1.126997433,0.802803422,0.897223487,0.883658285,0.853257908,0.799455956,0.776535942,0.978183426,0.85509136,1.150223433,0.780476868,0.847392899,0.766532421,0.910084184,0.852466041,0.938720623,0.904491021,0.901785423,0.787364767,0.93048323,1.015677214,1.184706595,1.196477702,0.892599703
96,0.357495463,1.574716657,1.248956819,1.046694415,1.399188191,0.981745648,0.55361526,0.826927427,0.066292893,0.444958958,0.544628602,0.51268265,1.956239415,3.198702596,0.997871907,0.73214024,0.6598431,0.389552261,0.462349485,1.569319003,1.820883695,1.768676049,0.460142484,0.748911892
97,0.671203841,0.614932575,0.45471927,0.482055647,0.482598124,1.064595627,1.077775247,1.281538884,1.87661487,1.791988294,1.006193221,0.785258551,0.247035661,0.413194941,0.940764509,0.299499257,0.346147376,0.541669875,0.483635878,0.32039641,0.600712679,0.853980774,0.983489506,1.757197619
98,1.354895206,0.88063918,0.779489048,0.990501132,0.967047096,0.853740416,0.93353709,1.0541622,1.781609412,1.019829098,1.212818338,1.30788528,0.803851317,0.954414757,1.09723941,1.128525344,0.772407117,1.699153677,1.184456673,0.764723998,1.082386455,0.89237631,0.852112605,1.164031408
99,0.734625792,0.775059908,0.658541366,0.355622787,0.800947222,0.955704256,0.844938409,0.592968739,0.580479519,0.515213173,0.675867499,0.925912411,0.774625868,0.59181259,0.852474407,0.482914165,1.000211312,0.615370427,0.653026909,1.413769661,0.778533805,0.920933659,0.742762902,0.996241378
100,0.872727463,1.047640245,0.963157258,0.99773172,0.927323284,1.011514896,0.965198407,0.976643029,0.869870096,0.96028387,0.985107945,0.965923872,1.019585061,1.007426567,0.842452644,0.877192605,1.005547349,0.774357553,0.988868408,0.840920819,0.937156375,0.972947769,0.964766972,1.079130638
101,1.002898791,1.027458845,1.097061009,0.901852217,1.065564873,0.830439256,0.891840364,0.794067103,0.843994054,0.900074984,1.00201222,1.019240892,0.907948668,0.998471943,0.799326577,0.827602673,0.975478551,0.817888768,1.004026218,1.031241624,0.943101781,1.074468308,0.896997402,0.958968693
102,0.763128568,1.409378399,0.824475024,0.8349101,0.96176731,1.210207532,0.687002705,1.079649741,1.30442278,0.909113699,0.569186906,1.017234767,0.619585674,0.747652825,1.045735419,1.00243066,0.704756291,1.157284351,0.782360009,1.10719965,1.112722763,0.809907519,0.725011835,1.094297344
103,1.451146422,0.812562714,0.850701551,1.575953524,0.932693088,2.123821339,0.693760708,0.588521953,1.151510839,0.774323361,1.292744025,0.521421485,1.124423726,0.891616441,0.425457758,1.600567547,1.5485539,0.662376649,1.236258618,0.512172563,0.822494899,1.191570434,2.073141208,0.975468037
104,1.030138493,1.036265572,1.038281684,0.931096616,1.044254473,1.019377824,0.773285216,1.053065353,1.403962542,1.089414224,1.560815648,1.257782459,0.992398182,0.959040654,1.004588667,1.108043498,1.151443745,1.129852759,1.313858308,0.970338409,1.053325654,0.835951954,0.891672399,1.17378693
105,0.893345768,1.050306751,1.057457509,0.96071844,1.04906293,0.83848313,0.920118176,0.901178206,0.820795977,0.919763088,1.025808591,1.00001829,0.864608862,0.907985383,0.833899384,0.929204806,1.180693313,0.949691294,0.988697112,0.967799004,1.022524508,1.080743796,0.949368955,1.072995471
106,0.910516466,0.816573967,0.919775812,0.909231255,1.14026266,0.935584069,0.954573298,1.090442028,1.002646581,0.825816619,1.032824241,0.856787462,1.090895587,0.857603748,0.846444138,0.846890543,1.105373093,0.938435732,1.040476233,0.916092535,0.838363018,0.877233612,0.886978357,0.823638406
107,1.047202719,1.151256501,0.904467143,0.895207677,0.923390246,1.116454743,0.749690821,0.71453225,1.158715567,0.891800678,0.896980117,1.105553915,0.686611111,0.623249247,0.944709902,1.028150615,1.013131471,1.093495126,0.710149877,0.686386488,0.721097202,0.851201856,0.817223279,0.741230217
108,0.69307654,0.724934676,0.819149292,0.625865057,0.714452636,0.797968101,0.655117558,0.666454589,0.649964873,0.633286518,0.923070803,0.785102506,0.686547203,0.8663308,0.866152649,0.686167892,1.120392905,0.63714937,0.707961083,0.891963754,1.001845475,0.820696161,0.706798937,0.789730907
109,0.458087652,0.711344581,0.351355235,0.50149609,0.519676841,0.167194179,0.43273393,0.967073484,1.203918359,0.43581982,0.562592842,0.704541848,0.283684187,0.411216371,0.639755154,0.30910245,1.41807043,0.494447826,0.57828259,0.098323962,0.876255393,1.717100919,0.599291068,0.59059096
110,0.676950181,0.885262784,0.809136846,0.973440721,0.877177364,0.832751096,0.744441323,0.912568207,0.932768648,0.768847073,0.574321186,0.944103424,0.816885692,0.691073935,0.646605655,0.825130105,0.935982202,0.895417045,0.970016986,0.754946805,1.152384115,0.965038628,0.686689412,0.942102284
111,0.628563773,0.386824079,0.724861943,0.445217186,0.446518553,0.428657052,0.476029235,0.455578768,0.458438704,0.41611392,0.885528281,0.822782926,0.535839598,0.677696125,0.669428134,0.557878181,1.014072563,0.559355652,0.696747704,0.59593599,0.696507502,0.79049683,0.352616865,0.706135001
112,0.978483772,1.013580848,1.231940714,0.435838062,0.473352069,0.506406305,0.291563394,0.709447924,0.245077573,1.150722339,0.563303316,1.019932395,1.239156852,0.855334459,0.946218088,0.343730119,1.109082576,1.231957122,0.461897066,0.361779259,0.729303871,0.626849876,0.551679937,0.51133674
113,0.633800641,0.718291603,0.683319842,0.212525955,1.040326471,0.655839667,0.841786365,0.339289127,0.36606669,0.486753436,0.540566237,0.852780362,0.531965414,0.476683859,1.058430266,0.237610992,0.956038912,0.363942595,0.440213091,1.129756694,0.538617732,0.917994345,0.875912841,0.870146419
114,0.048530165,0.003189461,0.376418129,5.19972289,0.89303437,1.028883118,0.681017919,0.007008835,0.083703333,1.852796499,0.32024971,0.572086937,3.888915666,0.116542243,0.575910931,0.313373906,0.204201668,0.996726355,0.293211777,0.353879349,0.328524915,0.755201924,1.164986375,0.238469483
115,0.848537965,0.777838023,0.775327105,1.034838709,0.843562756,0.803439315,1.084006975,0.998244895,1.006680726,0.86749615,0.849246787,0.878848709,0.994316635,0.804584532,0.922633141,1.067686425,1.170513409,1.112575491,1.242927626,0.933918488,1.053724657,1.173961897,1.035345378,0.917000257
116,0.699375931,0.860722525,0.688974273,0.109063204,1.292990442,1.075650678,1.119971853,0.464151843,0.399502339,0.547707883,0.680956294,1.414257855,0.755957391,0.765695278,1.011547587,0.211165968,1.25704086,0.4087277,0.60440995,1.539487414,0.475508133,0.877780741,0.930367181,1.277355363
117,0.857525696,1.018641676,0.967074492,0.951401356,0.80999517,0.772665275,0.71703263,1.130603713,1.264990099,0.740911903,0.594579027,0.889674124,0.887165115,0.786527526,0.713604766,1.046489853,0.954488461,0.84526279,0.831285476,0.884987299,1.064328959,0.976686061,0.731264436,0.792443931
118,1.098749864,0.832604499,1.155835819,1.041686381,0.995350828,1.112082537,1.207868656,1.04603353,1.009476315,1.056529174,0.976261925,0.996197622,1.184706729,0.984506897,0.937765513,1.120095858,1.181749386,1.087424418,1.421406108,1.012197616,0.998635172,1.103614525,1.261275502,1.01492904
119,0.425164745,0.576915957,0.70260712,0.720273433,0.332925922,0.177708107,0.720944699,0.734984423,0.250686172,0.427123979,0.851378886,0.676857078,0.186873889,0.688909674,0.762814876,0.658804042,1.242455618,0.910344513,1.978830379,0.490897846,0.563910581,1.803344126,0.946274263,1.177251435
120,0.960894204,0.905561451,0.92724318,0.91740836,0.961713616,0.902438811,1.019410901,0.926782127,0.936401419,0.89677347,1.109237628,0.864947893,1.002095213,0.982296433,0.868057698,0.878479882,1.210177778,0.893675049,1.191278854,0.864411887,0.949051111,0.989330194,1.065568406,0.91922401
121,1.011103464,0.941627418,0.957921353,0.956315322,0.936871814,0.94289972,0.922822018,0.828941631,0.894752338,0.892101548,1.10365347,0.901812867,1.023831842,0.887013935,0.955936811,1.019180482,0.967705888,0.949456015,0.788421367,0.977119909,0.970843601,0.983567391,0.818334632,0.833902954
122,1.005368111,1.063517185,0.832365387,0.901676673,0.875193572,1.096090088,1.200643308,1.085614438,0.915173997,1.055157963,0.652197132,0.943452955,1.016733516,1.122828796,1.463335513,1.197351213,0.763451717,0.979898207,1.06947291,0.970119419,0.788644637,1.567381445,1.217086797,1.15922122
123,1.138516281,1.149956078,1.114687077,1.148987565,1.181975525,1.193904112,1.192770678,1.13942371,1.226986851,1.119339472,0.829924623,1.10478778,1.211498082,1.174077166,1.049028581,1.111434395,0.78123898,1.087849891,1.119227722,1.134683643,1.100691819,1.016538646,1.154168595,1.179892772
124,1.050232328,1.204865958,1.032750165,1.062591441,1.033931054,1.063358416,1.122471252,1.140256285,1.123874416,1.022209247,0.751966416,1.158123284,1.045604821,0.89815203,0.964418568,1.084693122,0.804519648,1.112845817,1.037757588,1.043459743,1.080415222,1.063520195,1.122588539,1.121444994
125,0.814760067,0.914232921,0.908284269,1.100193777,1.002911931,0.817300944,0.883968462,0.901388313,1.028703509,0.795525067,0.823149127,0.945699605,0.893028551,0.910820819,0.825332953,0.830470288,0.972728674,0.958058592,1.05768336,0.74248798,0.961937538,1.005656251,1.016056676,1.017327975
126,0.90945709,1.022805746,1.083484148,0.968322075,0.992376007,1.055640928,0.897345161,1.123057128,1.085002927,0.913531527,0.866603713,1.035627507,0.872131162,0.938679654,0.962050159,0.86363167,1.131556477,0.983996656,1.08557429,0.972124514,0.910634889,0.978523239,0.894575625,1.037694159
127,0.756014577,0.850810444,0.924772823,0.983855444,0.86248229,0.852590868,0.95303321,1.051208565,1.042429597,0.830063454,0.640067735,0.935788923,0.805855981,0.811444001,0.795007796,0.838525122,0.896238393,0.936505731,1.002523885,0.770437805,1.086959242,1.111431333,0.775975915,0.785342468
128,0.952656678,1.03141188,1.048533432,1.055161472,1.03822015,0.892651114,0.956603149,1.073000574,1.043746795,0.967337319,0.909273554,0.992340489,1.016119944,0.80224481,0.738194103,0.97227114,1.096395559,1.07812595,1.029406969,0.840459863,0.986676931,1.175811347,1.086117019,1.135650536
129,0.863970748,0.998427289,0.957084997,0.970943409,0.944021939,1.03443828,0.994514332,1.117772555,1.035722245,0.9844462,0.88897344,1.033494218,0.898129487,0.831458865,0.817946454,0.916853184,0.922655512,0.935794189,1.001618465,0.986875203,1.05276403,0.956311524,0.748386945,1.016249949
130,0.93351756,0.927001005,0.980054858,0.913205469,0.985065253,0.922469646,0.97113941,0.907917312,0.924601867,0.868560123,1.097442984,0.987684813,0.958095803,0.957258607,0.825924071,0.940561975,1.042821749,0.882756463,1.080547165,0.877000326,1.079279651,0.999625071,0.988212619,0.97191053
131,1.046100914,1.022751842,1.147127622,1.449139413,1.017459645,0.782175341,0.773235945,0.882560325,1.06178165,0.982566884,1.242705464,0.857283643,0.98919509,0.93672981,0.809667528,0.79815377,1.116211151,1.09104356,0.840608925,0.916184012,0.950576095,0.90596488,0.824693696,0.808605811
132,0.920141135,0.961424384,0.93836456,0.837943983,1.069952756,0.995789829,0.927765955,0.880220885,0.938881293,0.934838707,1.048299241,1.047201527,0.969571772,0.933337134,0.902979962,1.099558715,1.027874748,0.87873217,1.034110046,0.97872979,1.057316258,1.041463642,0.867553694,0.997094424
133,1.2529488,1.192607039,1.291717174,1.165428614,1.136051519,1.305475802,1.340848554,1.166500476,1.154421285,1.360105458,0.963832421,1.160321772,1.41246228,1.123700519,1.32755416,1.423442096,0.699254685,1.248187252,0.937062,1.675158711,1.126666896,1.163469401,1.155938199,1.063869012
134,1.536404207,1.261193913,1.420675539,2.853785582,1.177648446,1.146305781,1.482583912,1.409404207,1.176234686,1.326916099,0.839954191,0.868844583,2.262117,1.474367934,0.70574589,0.842068614,0.772560687,1.2008681,1.309907088,0.841391548,1.055751377,0.826351716,2.151691185,1.173215307
135,1.020893096,0.972816547,0.959928117,0.992199673,1.048150105,1.071382925,0.791140526,1.132928738,1.037422141,1.169077957,1.014044397,1.104688155,0.842616665,0.804598228,0.908176815,1.094905991,0.958905398,0.957779847,0.94633301,0.979704807,0.918983657,0.855514169,0.768093279,0.831827562
136,0.661798638,0.822660095,0.822396659,0.803951741,0.869820801,0.690373686,0.796885899,0.886325164,0.817666198,0.823803103,0.780665171,0.744274166,0.704641259,0.927089617,0.843904324,0.733757187,0.891138809,1.011147408,0.984235573,0.809153382,1.090759788,0.967183158,0.789063577,1.154389484
137,0.564251944,0.82462657,0.691473113,1.886964398,2.486779526,0.958123103,0.513886999,0.667402743,0.917564174,0.508016928,0.566371112,1.312313537,0.568472303,0.609598657,0.988822747,0.729084777,0.930882959,1.893806076,0.7833692,0.897266246,3.752159701,0.582511743,0.623719945,1.272882679
138,0.817349175,1.229264022,0.868870435,1.098373862,1.214668092,0.796049663,0.866229478,1.133008576,1.101074656,0.786434343,0.692581802,0.865490844,1.022194339,1.017252436,0.705083208,0.887959394,0.735683563,1.21000482,0.974471077,0.770658631,1.032167838,1.041877979,0.965314358,1.35404351
139,1.208632504,1.175739008,0.855823184,1.113915431,1.069125637,1.065071186,0.986407476,1.012276549,1.056425054,0.996099795,1.058101299,1.032402043,0.96152903,1.051428338,0.842289154,0.881015354,1.060043324,0.966864626,0.929551813,0.983364175,1.247697444,0.887854662,1.145609679,1.146602263
140,1.029873821,0.964778811,0.895142105,0.96043746,0.883389368,0.977219069,0.864659388,0.854851111,1.027653629,1.003614396,1.037855461,1.048368054,0.814871092,1.047686687,0.776921563,0.896886679,1.033047675,0.887869189,1.009960408,1.037098587,1.053366658,0.927847801,0.934805692,0.954332191
141,0.67247778,0.542043897,0.260296514,0.863531446,0.670245875,1.279289361,0.23950818,0.761600186,1.372429082,1.274150914,1.153790436,0.55407752,0.558668095,0.612415505,1.141707906,0.918687799,1.47047143,0.494242898,1.152320255,0.597930602,1.216333757,0.879998445,0.98984023,1.117867856
142,0.881535235,0.97893513,0.892193934,0.875470724,0.816729092,1.069550407,0.719622938,0.919073804,0.93969364,1.015051919,0.906532887,0.907720201,0.76047444,0.970956192,0.94670635,0.911689596,1.05604133,0.976693916,0.905107586,0.979214063,1.046057675,0.944057789,0.894058009,0.970156357
143,1.053028703,0.974327832,0.918488864,1.101589605,1.019644153,0.932844365,0.909846267,0.981418613,1.160025621,1.101066855,1.120292183,1.063283211,0.825189809,0.965990859,0.78924514,0.979784799,0.998135636,0.833214105,0.934500762,0.995671693,1.101342625,0.987411516,0.931982468,0.872980002
144,0.893988288,0.913023496,0.69419758,0.857438375,0.709035962,0.851807919,0.787353123,0.966600199,0.690676791,0.933689287,0.855246194,0.855531706,0.902339612,0.576652518,0.787193373,0.789429105,0.830329426,0.715086828,0.835663187,0.83938729,0.810156833,0.978066679,0.713032372,0.671296505
145,0.917892933,1.180361552,1.191380219,1.288190064,0.948288047,0.902971837,0.739012557,1.052037885,1.179639281,1.055406388,0.751154259,1.150369768,0.736182102,0.765811619,0.832115259,0.999647167,1.18680192,1.352778581,1.243013369,0.891627267,1.550882809,1.513591006,1.068076989,0.592071348
146,0.736746269,0.861291597,0.740343239,0.867975326,0.927558112,1.143310915,0.751175527,0.682199266,0.743434524,1.052672083,1.28605588,0.658422861,1.300608332,0.994092444,0.842287846,0.884999197,1.625423325,0.793221263,0.8889998,0.632102526,1.069489854,1.031385962,1.047009918,0.882140963
147,0.90328328,1.000737973,1.025302246,0.96620384,0.977440041,1.057086822,1.026431596,0.968815431,0.973649455,1.073803299,1.064041687,0.935727663,0.961837271,1.046584029,0.960592603,0.965507449,1.125773719,0.966239754,1.055073649,0.98018235,1.008153717,0.950693649,1.06540319,1.124332277
148,1.037720684,1.086734377,0.992093417,0.880358686,1.117950207,0.95930905,0.95603477,1.032998148,1.162649565,1.194679202,0.997129205,1.128953329,0.634198666,0.778422452,0.96878245,0.983846766,1.090305557,0.88301001,1.148162073,1.005482427,0.951599139,0.346107894,0.805192949,0.8997914
149,0.901008597,1.040805511,0.933772528,1.072679721,0.940585901,1.10502488,1.007424816,1.108214358,0.968111956,0.974543303,1.121518879,1.108108629,1.066927229,1.005641268,0.941935859,0.953377006,0.938401798,0.84182163,0.920595174,0.935167243,1.036731622,1.036458306,0.958247074,0.892825655
150,0.659636247,0.965920952,1.216822976,0.909722726,0.474213641,1.007423944,0.682037514,0.419961389,1.36279838,0.911919209,0.94492719,1.373714283,1.104264438,0.800017166,0.617036088,0.818419179,0.462082421,1.003582266,0.628363685,0.520353606,1.199476282,0.599425814,0.779329899,1.598012319
151,1.042761502,1.228228128,1.063401908,1.013944802,1.163309755,1.353622837,1.053517443,1.086193069,1.330560336,1.145870254,0.943409464,1.324619588,1.150027384,1.004743759,1.220906257,1.199182878,0.800048865,1.067545293,0.905836525,1.408811552,1.022661394,0.917834769,0.887762883,1.099571674
152,1.064514677,1.131865047,0.93051533,0.935544679,0.941468585,1.090452354,0.852631646,1.028779104,0.955178656,0.941793875,0.99798093,0.920483611,0.973932053,0.777843323,0.863487627,1.077221203,0.915251274,0.829131391,0.842501609,0.934446036,2.264134318,0.858317516,0.703699961,0.881416701
153,0.476737653,0.963316902,1.003033722,1.99342783,1.115714017,0.749808128,0.802786192,0.656779982,0.713553458,0.367152228,1.071809377,0.539573374,0.845775672,1.070361296,0.537110548,0.783309956,1.354210861,0.731088663,1.878049412,1.001991606,1.47164408,0.829731189,0.69882929,1.269959814
154,0.91713148,0.98212843,0.864076246,0.889454227,1.056403379,1.021142218,1.00467449,1.012766779,1.01246573,0.904134709,0.831460844,0.953942385,1.038550095,0.871462915,0.849930699,0.931476794,0.949666484,0.801145126,0.951866643,1.133966858,0.879021323,1.042353013,0.932775208,0.919758396
155,0.682053344,0.807003076,0.701573881,0.270862168,0.832512302,0.724850395,0.810379143,0.406971656,0.477864807,0.494762678,0.702609008,0.865886907,0.666853842,0.634013201,0.891819961,0.386916138,1.082641811,0.486768421,0.516806674,1.15452617,0.714002502,0.841948543,0.696614077,0.91800978
156,0.852847065,1.168383165,0.929686151,0.84631408,0.94460569,0.849867994,1.076114653,0.801724269,0.910052017,0.852718348,0.963333936,1.148373299,0.950921625,0.766557557,0.719388293,0.832538835,0.762195111,0.84606881,0.865912136,1.061365951,1.049865837,1.028549568,0.897179734,0.86138182
157,0.729765412,1.03547324,0.769051187,0.580891041,0.565943716,1.630015026,0.866288486,0.503447152,0.714455879,1.031833061,0.92742559,1.262443847,0.845976626,1.065607474,0.979114869,1.069932797,0.973000772,1.191296676,0.98011066,0.870168502,0.769875237,1.402102789,0.991729512,1.643441137
158,0.921550697,0.893057398,0.991687081,0.828233548,0.916998467,0.950343438,0.825587737,0.82356876,0.932035004,0.925573569,0.993014085,0.958989754,0.928021297,0.962860495,0.98982295,0.918481208,0.974031825,0.826469276,0.85097799,0.982029668,0.913035599,0.948881188,0.952831323,0.995481567
159,0.909386412,1.577665279,1.390155921,1.13191863,0.898968668,0.81591602,0.972006171,1.251907825,0.908043733,0.588462657,0.443446008,0.891404107,0.956322521,0.927354781,1.327321664,1.184212381,0.944255503,1.027839491,0.72223921,0.927070565,0.746279893,1.609292261,0.898365454,1.49905427
160,1.649003195,1.615671409,1.378950783,1.377806783,1.256721262,1.464199612,1.901204226,1.645563658,1.689014766,1.5067583,0.5909008,1.423582223,1.527844166,1.457484096,2.376473052,1.702587353,0.339985807,1.5657254,1.134909938,1.514245791,1.155749467,1.929624104,1.68336362,1.669821652
161,0.839674109,0.90633565,1.067597776,0.847451932,0.920116388,0.937421245,0.801290287,0.985896869,0.823025209,0.788325652,0.721554597,0.898617477,0.938464678,1.093024449,0.922982254,0.795787429,1.049836859,0.758555925,1.020374906,0.656125222,0.995476221,0.943199951,0.964993773,0.887687916
162,0.786280297,0.883196037,0.930507917,0.817385271,0.805503114,0.862880095,0.843052471,0.848786918,0.782085208,0.795601902,0.809772309,0.917866276,0.858391809,0.992396243,0.991712799,0.913964014,0.996400085,0.861846765,0.925018732,0.793636445,0.827625996,0.91274055,0.860542119,0.83216166
163,0.952158693,0.816271892,0.98356723,0.802482131,0.991935351,1.084170115,0.787818408,0.836610748,0.944086288,1.128949113,1.144264258,1.135517771,0.924779137,1.086345947,1.117285098,1.004074023,1.025720505,0.854934122,0.87403914,1.262065619,0.953891884,0.818962696,0.91926181,0.996027806
164,2.134149061,2.233283444,1.967171488,1.771446929,2.115290695,3.224352104,2.81628522,1.547192359,2.144040741,2.196813358,0.661903221,1.924506473,2.307236385,2.472539044,2.677863484,1.865914593,0.283026514,2.066536914,1.385312022,2.724355486,1.356939738,1.297414607,2.662555381,2.073240684
165,1.14373871,1.560470387,0.88251509,1.008602278,1.554098255,1.865477421,1.529402944,0.997615945,1.895573848,1.075518521,0.579460021,2.009175313,1.104570117,0.977062606,1.545380335,1.402824134,0.825381866,1.56146485,0.646504836,2.052443529,1.292640688,1.033006356,0.871647217,1.406976628
166,0.94579159,0.857809845,0.737284418,1.261461051,0.796273082,1.010808287,1.664999556,1.179360992,0.628503707,0.560415336,0.923603188,1.027961303,1.37285017,1.146339497,0.549725107,0.831149761,1.558788188,0.710039604,1.320233131,0.657740478,1.591354798,1.077332544,1.245555866,1.331361062
167,0.785673735,0.792614122,0.659569835,0.697181465,0.641174378,0.936072909,0.689646989,0.697972869,0.826306056,0.695004442,0.630651269,0.631036198,0.762824467,0.955408173,0.796127945,0.697191393,0.481860018,0.756423049,0.851769887,0.764018492,0.765362863,0.832750591,1.045726491,0.81718484
168,0.829092317,0.618632154,0.717596514,0.683658222,3.362359009,0.875378388,0.531287215,0.707582986,0.67517033,0.830728534,0.811501953,0.883463433,0.575319784,0.593023904,0.899186054,0.6750658,1.018644821,0.757726781,0.76725088,0.933172496,1.187215016,0.657771583,0.765040503,0.857495135
169,1.476733045,1.07965811,0.889484207,1.211613408,0.965787601,1.259886121,1.451135298,1.253758632,0.995956147,1.097168701,0.643182424,0.905063291,1.845238541,0.903518917,0.84194965,0.736716796,1.645289498,1.119428953,1.702810288,0.442823507,0.791867388,1.63070777,2.10393383,1.070428549
170,1.076774491,0.973026737,1.041479587,1.222001975,0.996799959,1.040596632,1.123803956,1.039670295,0.872858241,1.19043463,0.679315888,0.845495153,1.191129129,1.130049204,0.759712655,0.776325698,0.851003456,0.969932204,1.139587365,0.828642799,0.766246666,0.920128913,1.468814679,1.149319475
171,0.950087142,0.959886316,1.130426834,1.048513007,1.012097721,0.988557203,1.040719346,1.013853305,1.006654374,1.02457605,0.885009678,0.911796524,0.977886911,1.091498853,0.904189983,0.909816423,1.0268443,1.009145229,1.118529127,0.836912711,0.887392567,1.039967557,1.089294654,1.072352413
172,0.89001057,0.928743654,0.874755154,0.999470738,1.035844986,0.882300614,0.974035915,0.962960711,0.999343501,0.840058971,0.779128355,0.977784783,0.917116957,0.827449195,0.765000393,0.832260192,0.87550357,1.005306919,0.959334853,0.87038314,1.004858928,0.976941895,0.981537195,1.071657619
173,1.047755341,0.981891092,1.09791028,1.079483713,1.114848675,1.079300073,1.082976418,1.075780259,1.111054555,1.04074368,0.953165208,0.996617248,1.058890838,1.082678017,0.92983837,1.002646591,1.017172081,1.005392601,1.092644934,0.986928232,1.006152497,1.01395018,1.132975275,1.169641455
174,0.865336685,0.59270259,0.905552006,1.349414743,0.729878356,0.300096733,1.323474517,1.268796149,0.585735421,0.567207372,0.456028056,0.381337101,0.911047387,1.021239442,0.820101832,0.341070181,0.655018197,0.654387142,1.232310356,0.255225411,0.541939222,2.265142988,1.346284858,1.058903783
175,1.380606244,1.024470178,1.342018325,1.183003207,1.29042656,1.288154132,1.427147488,1.062320977,1.035945894,1.369650805,0.993146538,1.00726927,1.528278373,1.230014921,0.920325643,1.011400739,1.141854467,1.061437979,1.508963352,1.118032951,0.980196538,1.247020523,1.877656404,1.251798718
176,1.129988954,1.061657294,1.046558424,1.075879933,0.998927577,1.273576027,1.041293873,0.878624276,1.14412114,1.134443527,0.897934958,1.193367501,1.047124169,1.009150188,1.317697737,0.986379749,1.316519004,1.16667163,1.038386918,1.084755147,1.212754626,0.973391121,1.118831611,1.020684807
177,0.876715814,0.437870239,0.643171709,1.211467531,0.97086943,0.501216317,0.64481712,0.74473453,0.385376062,0.587131706,0.896241563,0.470539604,0.809812907,1.397846414,0.916496371,1.037553064,1.092684512,0.660473032,1.383608633,0.527720721,0.389500088,1.253390947,1.216216639,0.768980219
178,1.702666864,1.273175858,2.427483333,1.057132647,1.660593218,0.808144953,1.140187294,3.921012354,1.430272585,1.838441338,1.743563549,3.275521775,0.89618775,1.173628838,1.379028173,1.33301909,0.718727534,0.964202712,1.683319416,1.353565125,0.3191962,0.371194713,1.325003922,1.246797607
179,0.87252294,0.959895818,0.865483877,1.128675211,0.777448997,1.147967972,0.906528218,0.790420791,1.251692659,0.875392554,0.810236935,0.97554728,0.867291618,1.061537951,0.807390226,0.901198602,1.028529159,1.122221992,1.065003043,0.822313263,1.058283527,0.972476267,0.890708585,1.266777427
180,1.188083304,1.103772057,1.083767583,0.979459594,1.392712606,1.319942667,1.168702815,1.159646642,1.235979824,1.092492722,1.043348969,1.164324203,1.084988547,0.988548923,1.210568618,1.206890499,1.0315956,1.141649135,1.211692943,1.387049519,1.060577917,1.22201012,1.053283184,1.197022075
