Name,F109,F112,F114,F116,F129,F132,F137,F138,F141,FTg113,FTg115,FTg117,FTg118,FTg119,FTg124,FTg125,FTg126,FTg127,FTg130,FTg133,FTg140
,WT0,WT0,WT0,WT0,WT0,WT0,WT0,WT0,WT0,Tg0,Tg0,Tg0,Tg0,Tg0,Tg0,Tg0,Tg0,Tg0,Tg0,Tg0,Tg0
var1,1.260147154,3.401297075,0.500993721,0.783919298,0.964137923,0.462372857,0.660670739,0.3575928,1.099617958,0.550477799,0.467644352,0.563739808,1.454061874,0.458295147,0.53444637,0.944821956,2.392502855,0.39102472,0.439658288,0.490489836,0.456171829
var2,0.956925276,1.082819777,0.733474247,1.021746578,0.61707924,0.686858411,1.043521772,0.930380608,1.151767986,0.609421562,0.906026404,0.764500844,0.932673754,0.82060128,0.763404338,0.752180146,0.969803079,1.018836732,0.640545758,0.569121584,0.938435119
var3,0.870698819,0.422294294,0.948610291,0.998634525,1.000732009,1.016435831,0.482776036,0.510469563,0.890427209,0.845185037,0.91193156,1.115949334,1.328930692,1.166026895,0.524379694,0.433447514,1.401133028,0.770574116,1.522590153,0.540081421,0.991876374
var4,0.927159804,1.013793169,0.832502296,0.856144251,1.347740724,1.011758935,0.922888543,0.972960558,1.170020037,1.01460097,0.986921217,1.116174082,0.919434535,0.873696295,1.181214651,0.960582928,0.889008474,1.554008923,1.072454164,1.078511165,1.116088283
var5,1.1185581,0.64345053,0.44110207,0.574609374,0.74819685,0.515310244,0.982944998,1.238024914,0.295366224,0.637770155,1.892933372,0.762054697,0.706920049,1.524873952,0.824145254,1.308018657,0.8005208,0,1.500711337,1.285532279,1.238387726
var6,0.96908584,0.868879826,0.913767621,0.906393755,1.006929034,0.969628663,0.967240344,1.081211373,0.843251884,0.99382109,0.960865205,1.016870692,0.848221825,0.955861077,1.01159616,0.868851411,0.922621535,0.877170376,0.955846515,0.944700054,0.947058517
var7,1.136115907,0.955254145,1.194014692,1.27462057,0.921454441,1.049128737,1.217414551,1.38623123,0.842592066,0.816137425,1.150658336,1.139577712,0.897561839,0.886318925,0.862465563,0.758142992,0.893418008,1.120078751,0.728295051,0.818495029,1.022553384
var8,1.254375976,1.295370673,0.521485617,2.028110814,1.184392073,1.147417936,0.576657308,0.563031709,0.745631153,1.487308086,0.839377596,0.824962414,0.938142246,1.830246206,0.631202907,1.534951394,0.85846757,0.645439765,1.203072093,1.144903834,0.480124101
var9,0.807835423,0.545963339,0.337175368,0.661034049,0.702559438,1.04308579,0.866915128,0.998613958,0.7848725,0.905958297,1.497667825,0.817091371,0.980280368,0.909846857,0.929084012,0.701725768,1.124873366,0.091166923,0.94377769,1.251032692,1.180886417
var10,1.827493615,1.074708847,1.006209238,0.919889405,1.197940919,1.232929912,1.221394645,1.004175098,1.088844253,1.68383325,1.446061495,1.237934703,1.228930842,1.517762611,1.201353753,1.206135352,1.175888879,1.216233396,1.462938207,1.081954763,1.530594735
var11,1.021147046,1.137049617,1.101274558,1.089100446,0.811904454,0.902869384,1.046971867,0.980804507,1.031426209,0.897259148,1.055177909,0.905784446,1.012389023,0.827403045,0.902408531,0.990154615,0.889405357,0.990617709,0.787506272,0.871010311,0.970602753
var12,0.903964086,0.909731809,0.951742272,1.170051469,0.914440615,0.903885822,0.8893917,0.793822659,0.934806696,0.944121365,0.881928829,1.177969994,0.904036146,0.913580813,1.243360326,0.814401732,0.871951396,1.069908847,1.067781211,1.084919068,1.082737183
var13,0.634964582,0.58569645,0.628567557,0.761362203,0.374226789,1.6669991,0.405660593,0.28896885,1.945784934,0.310196136,0.211266356,0.78617219,4.042072047,0.264260837,0.747680263,1.024886306,0.426982807,0.292824567,0.430796625,0.689294713,3.187598102
var14,0.971112709,1.168658803,0.899719956,0.793108333,0.705788219,0.568798383,0.792416197,1.406802336,0.851440108,0.646326162,0.90016702,0.952717681,1.044155139,1.161814287,0.773185774,0.833424658,0.72353614,0.945453167,0.837932807,1.175535297,0.832476241
var15,0.96865109,0.87556159,0.873525577,0.917661903,0.972888386,1.152624064,0.926458759,0.966548632,1.029177481,1.162351676,1.276416179,0.968350128,1.029030015,0.90901431,1.35464467,0.875965514,1.081341742,1.064694832,1.319702114,1.199390998,1.277374016
var16,1.065508591,0.765452118,1.047245465,0.944763456,2.138318881,0.878184343,0.648044054,0.938629897,1.21008388,0.283326462,0.47662546,1.70075093,0.790223618,0.369135912,0.509794118,0.120791577,0.530749685,0.84577625,0.448472938,1.271064384,0.823262393
var17,1.224086444,1.471098299,1.243584562,1.550974633,1.948434106,1.178206344,0.911047702,0.789783936,1.066922164,0.663936571,1.097940915,0.881193592,0.696334084,0.868706255,0.65227616,0.861206071,0.954046059,1.009754645,1.104838131,0.792667894,1.165647173
var18,0.960908786,1.028612353,0.970697629,0.982511126,0.857254117,1.048159503,1.121134212,1.212764986,0.911882199,0.766292737,0.876503678,0.881829201,0.90659959,0.778517101,0.855697625,0.775580717,0.826586664,0.842633751,0.669112924,0.853937467,0.919098669
var19,0.914780741,1.132145746,0.955579503,0.798218716,0.831746297,1.148334832,1.015269828,1.013680376,1.074656981,0.779736781,0.931021463,0.873655262,0.858676983,0.868950523,1.016662783,1.068906327,0.888723549,0.966748235,0.963249216,0.954535466,0.917511773
var20,1.030030038,1.244668436,0.887901902,1.016183596,0.923035224,0.924783371,0.948853921,1.063996926,0.992448749,0.845441397,0.953217372,0.970633563,1.036033019,0.96876249,0.853359771,0.970294508,0.987864785,0.951202629,1.127164875,0.924324445,0.937895081
var21,0.927625643,1.074771193,0.766618542,1.201606754,0.95805998,0.925403832,0.979904541,0.928243126,0.739057805,0.964635514,1.076297616,1.108221577,0.908457936,1.055596774,0.987404348,1.068139745,0.79204769,0.852223456,0.943627163,0.809178245,0.919385073
var22,0.793358306,1.181088873,1.019207405,0.783823421,1.07659627,1.297347402,0.835223835,0.866652334,0.946173464,0.893944403,1.313086947,0.723240958,0.819314917,0.784777638,0.837047082,1.450859427,0.913921959,0.928075028,0.864074102,0.937638763,0.801104639
var23,0.885985653,1.697529424,1.620921349,0.435886021,1.226748886,0.856699484,1.233703428,0.984597426,0.980787672,0.163463297,0.567964941,0.548162054,0.133241892,0.431322202,0.286776598,0.55639736,1.330061109,1.418723029,1.184125339,1.235673962,1.241496432
var24,1.120793055,0.942804458,0.636855787,0.98918378,0.775725249,0.851531762,0.819050164,1.298785336,1.208211166,0.706576982,1.096178229,0.983370459,0.976728961,0.921957447,0.617963229,1.131048602,0.961662378,0.644577979,1.115236832,0.901124537,1.30330937
var25,1.032150111,1.009069937,0.964179378,0.768294194,1.002098782,0.848528949,0.873046579,1.002719967,0.733347302,0.972464697,0.922973821,1.026179508,0.958059611,0.902370052,1.027111401,0.947100497,0.99860655,0.912292307,0.940202034,0.923050981,0.959213508
var26,0.946655413,0.909340005,1.019069723,1.073015088,0.934331159,0.963683334,1.088942215,1.007185234,1.134633536,1.04331527,0.969041219,0.941199431,0.968711225,0.925590096,0.929166379,0.870161869,0.955550157,0.895728436,1.009299994,1.069107743,0.932679363
var27,1.026280968,0.868575745,0.867687057,0.990993115,0.841804814,1.080154672,0.924008831,1.200006452,0.765377137,0.908656742,1.079604157,1.215618086,0.925236802,0.842308815,1.172301488,0.814024485,0.837975588,0.710272703,0.869045352,0.964055116,0.950380021
var28,1.076358138,1.246047608,0.775766531,0.752005392,0.553897129,0.762603635,0.620167328,1.094658847,0.707487673,0.942521982,1.091422546,1.338998956,0.849486331,0.849763863,0.961152421,1.282540137,1.047521146,0.80094116,0.978660025,0.714130322,0.850980209
var29,1.039061228,1.202411292,0.877411359,0.882344961,1.390718826,0.806244894,0.907698464,0.743473899,0.965666801,0.800924329,1.077569737,0.970526577,1.011938892,0.997247248,1.000177809,0.755603789,1.045177582,1.166373542,0.857856096,0.970325741,1.121609935
var30,0.985429434,0.961974954,0.951844177,0.918148159,0.958739953,0.939174732,0.992258205,0.979498392,0.946924464,0.929885776,0.980067347,0.984573277,0.941922271,0.966295388,1.003140658,0.907522329,0.938493544,0.958554189,0.914024556,0.944246433,0.97210869
var31,0.827487363,0.868728323,1.085463385,0.83444492,0.720395918,0.987941349,0.7110616,0.456054818,0.43236877,1.357626401,1.344231175,1.271373397,1.141974013,1.229327617,1.186975586,0.858513944,1.3904555,1.725530146,1.252024454,0.388761656,1.208312877
var32,0.943945932,0.916855975,0.569468514,0.917094604,0.737587159,0.589152157,1.055688733,1.048581974,0.973892879,0.975646096,0.998476798,1.002353785,0.892812956,0.820482044,0.470634638,0.663946475,0.534601667,0.518622188,1.035603664,0.564220155,0.411264185
var33,1.194012991,1.358000664,1.133922445,1.023046714,1.021903084,0.511366944,0.854276101,0.656514661,0.803591756,1.052420013,0.881903157,0.793643199,0.925038062,0.985541356,1.092477126,1.239425139,0.686741341,1.077447439,1.748686438,1.569952164,1.050833309
var34,0.909945485,1.212140798,1.056090333,0.907952348,1.042600234,1.004887082,0.993947846,0.99548776,1.041244598,1.195743477,0.790889359,0.878439481,0.786574095,0.843689103,0.796536872,0.891663804,0.669628117,0.745916524,0.867558039,0.927990323,0.917629896
var35,1.269582816,0.686710226,0.903250745,0.788968855,0.998620066,0.859016745,0.842892335,0.790413293,0.822240113,1.074528409,1.005438201,0.983253754,0.930306294,1.003351044,1.011752958,0.724260965,0.955588411,1.381580141,1.03880349,1.496023669,1.196741387
var36,0.837797737,0.82740023,1.214961524,0.802031012,0.946757591,1.010137121,1.008010558,1.205022631,1.095883621,0.979521026,1.060344373,0.837316008,1.177619425,1.073048761,1.03408162,0.800376502,0.910414237,1.019184933,1.288407435,1.260006009,1.0718938
var37,0.979246545,0.951289434,0.956626536,0.983392406,0.860538986,1.019689733,1.002497443,0.98439973,0.944552248,0.921533392,0.96454137,0.886931775,0.937152543,0.907721908,0.84186624,0.887815117,0.906673258,0.979318106,0.881623449,0.82544171,0.992373338
var38,0.932323889,1.188459622,0.82865358,1.029105419,0.853363495,0.81140371,0.984961682,1.084154018,0.917273557,0.962188177,0.830784538,0.921174247,1.085604312,0.896002783,0.962268124,1.189455702,0.997021529,0.922920122,0.994503669,0.982981159,0.885747978
var39,0.450260085,1.509969011,0.705761871,1.164682261,0.827870275,0.395585045,0.909418825,0.986231255,1.494564473,0.518771829,0.596179969,0.753603582,0.273572485,0.362338686,0.81766732,1.032465923,0.56104345,0.368795889,0.424280906,1.508618046,0.869740152
var40,0.883770733,1.264073201,0.860303725,1.259859582,0.669283884,0.973032262,0.999484795,1.049825329,1.294192471,0.810569414,1.12356586,1.035248735,1.143977772,0.937853569,0.800070294,1.002022233,1.220677693,1.074182853,0.799017899,0.736451334,0.928753247
var41,0.958876468,0.976577557,0.709201811,1.613265508,0.261398918,0.454334412,0.644848759,0.654711586,0.4920045,0.974199872,1.140685624,0.900066906,0.741382979,0.889110175,1.299310584,0.946280988,1.076156006,0.818730477,1.015261382,2.048835666,1.29803352
var42,0.941770261,0.80745621,0.918334244,0.910268303,0.915112532,1.68872144,0.838682769,1.102106677,1.296642089,0.662922131,1.082852339,0.776018523,0.737864852,1.007160443,0.789976862,0.92299287,1.105443881,1.099791608,1.486280038,0.824400866,1.021853735
var43,0.933079954,0.98763214,0.961911236,1.143454302,0.892238862,1.047121783,1.051288626,1.062289147,1.009941937,0.899433881,0.97616841,0.951042675,0.990096645,1.00409309,0.941712913,0.939336489,1.010268248,0.920734619,0.981687679,0.924567465,0.943030328
var44,0.731316067,0.605960715,0.862293376,0.615205809,0.716497593,0.734875327,1.07022248,0.898040937,0.894574815,1.105027877,1.104566547,0.835725602,1.022428091,0.688360674,1.026604999,1.249456427,1.029051665,1.473904779,1.024795663,1.14795153,1.064928359
var45,1.008080163,0.884156712,0.797816502,0.731790369,1.222823036,0.757117112,0.96148046,0.814577297,0.730430135,1.216079848,1.017368854,0.957108965,1.102698857,1.178412819,0.887846439,0.757589061,1.026451215,1.095944302,1.303514241,1.023183927,0.916557843
var46,0.951249552,0.910651863,0.923760748,0.908924573,0.958141939,0.943921962,0.939138653,0.948467631,0.958693168,0.967569563,1.018439525,0.947360717,0.972801179,0.962514401,0.951918182,0.902276663,0.965911237,1.032034805,0.932737779,1.017058046,0.967099095
var47,0.984262367,0.946096036,0.943591415,0.929886515,0.798084055,0.8436853,0.821792664,0.956723346,0.960663931,0.941573538,0.9835551,0.963503626,0.986758767,0.924609239,0.979785332,0.955816699,0.981135073,0.897010491,0.731687568,0.930135267,0.924716245
var48,0.581558634,0.538871414,1.022648333,1.397971575,0.572076035,0.56019436,0.82085978,0.757718795,0.806085122,1.077859398,0.926195175,0.683189696,1.124725952,1.263441925,0.838117012,0.586490321,0.911619955,0.920306493,0.786063495,0.94391105,1.097319883
var49,1.049775101,1.122571024,1.107405791,0.69270328,0.997657705,0.704687976,1.08048252,0.881891194,0.966326165,1.117677492,0.99498233,1.087789675,0.983692788,1.104598454,0.982039455,1.008922779,0.841574668,0.679259643,0.699834635,0.772270578,0.965921073
var50,0.979404393,0.751209084,0.722737946,0.993381601,0.661363626,0.704509191,1.099434446,1.058672116,1.221730511,0.58235795,0.880228501,4.210400626,0.71189334,0.822102009,0.684344183,0.76571404,0.856679724,0.864923687,0.623325097,0.505648899,0.806223369
var51,0.988286515,1.000570811,0.807270095,0.734183411,0.988920319,0.811590793,0.766573692,0.589951762,0.736412247,1.008408111,0.929512678,0.82395095,1.057039048,0.934084269,0.967173958,0.62082518,0.823093626,1.103122877,0.751656537,1.319407224,1.054796837
var52,1.02272117,0.914572522,0.894597434,0.960875302,0.996057863,0.999017426,0.966943066,0.816960269,0.8133661,0.930608017,1.029658437,0.900151164,0.932348981,0.906659419,1.17972439,0.767626121,0.963276118,1.166827338,0.996313471,0.956730073,1.15422433
var53,0.962063999,0.977918644,0.781290152,1.044942118,0.86528472,0.890490188,0.973580192,1.118116435,0.90650047,0.937629311,1.031836424,1.063590591,1.029127008,0.881415925,0.964933126,1.095117798,0.962144783,0.918527247,0.92997522,1.022009498,0.974750532
var54,0.951251816,0.785670333,0.775313812,0.750279353,0.765874348,0.754081109,1.131764415,0.84021419,0.90831748,0.807942104,0.919688825,1.021991175,1.000345556,1.026239633,0.900561123,1.134914992,1.042311004,0.989751012,0.750786066,1.223257337,1.068126026
var55,0.825191972,1.326334706,1.049618208,0.954481608,0.962074634,1.048871334,1.012831925,0.95132944,0.9432573,1.091337422,1.093410015,0.933204254,0.942765882,0.768483122,0.889022822,1.005616966,0.937381423,1.136503653,0.963114779,1.1627713,1.169471936
var56,1.037344868,1.080586305,1.042794266,1.114108981,1.037027299,1.001663601,1.086256489,1.049583469,1.17144226,1.072922355,0.897647737,1.074921681,1.218181976,0.755816752,0.82467303,0.827210511,0.943243275,1.058885304,0.974560506,1.306501188,1.07916323
var57,0.93677583,0.927130678,0.877339962,0.817666589,1.06412054,0.976558184,0.96247489,0.988952662,0.938176232,0.891659563,0.924991402,1.010610818,0.90915724,0.940271726,0.888314302,0.863795217,0.913541703,1.016633974,0.941572699,0.959124018,0.955628539
var58,0.724741631,1.111130182,0.698172136,1.200898909,0.459443131,0.621452763,1.141865728,0.869167612,1.487962758,0.538081101,0.89244231,0.782116746,0.996084498,0.664486863,0.716852707,0.649594959,0.985233924,0.998543992,0.503970176,0.447785087,0.831738553
var59,0.947834537,1.00889599,0.950781976,0.973780841,0.884008893,0.982109792,0.944027357,1.022164624,0.856284475,0.736666444,0.956702781,0.883770206,0.885626985,0.836884513,0.951604009,0.80181375,0.873506613,0.932279448,0.800320446,0.834529459,0.964593523
var60,1.233731948,1.236962944,0.956115553,1.341379238,0.927275216,0.85500065,1.135795693,1.236156796,0.821427657,1.035441267,1.165514092,1.023854099,1.085256135,0.911004463,0.765081173,1.00655843,1.280427403,1.367001088,0.908913106,0.771487178,1.032604228
var61,0.898437621,0.991586162,0.926188381,1.009577142,0.786620245,0.960624928,0.971891932,1.052030507,0.891934623,0.747656546,0.944283662,0.872589283,0.856420517,0.844569937,0.767163764,0.757896119,0.773886469,0.785006585,0.677720853,0.745722941,0.849813143
var62,0.9253429,1.10450081,1.067172009,1.3116204,0.661368763,1.160813497,1.039536588,0.788989441,0.869448956,0.881210945,1.13462546,0.945049636,1.074854093,0.719907293,0.92630816,0.846482838,0.88344546,1.337117856,0.760174328,0.58226344,1.140509903
var63,0.930136042,1.039907331,0.935125218,0.884697825,0.920040655,0.960609467,0.951608173,0.991283192,0.793346653,0.956177862,1.005149369,0.939491163,1.010039975,1.054685602,1.012660339,0.93551508,0.997411303,0.939969574,1.088562838,0.888882137,0.881881806
var64,0.933601025,1.13015215,0.928520371,0.873578916,0.904625246,0.794251247,1.058039664,1.002658497,1.008900756,1.005843969,0.932559208,1.037981201,0.973535727,0.784461639,0.902204618,0.852706715,0.891878236,0.930470718,1.031990984,0.941122883,0.98645686
var65,0.885385811,0.952583673,0.892950367,0.879147137,0.960896242,0.957250683,0.885692477,0.908804666,1.030003692,0.967833803,1.010842437,0.92779965,1.037443708,1.060399976,1.021475816,1.077274031,0.97085067,0.914573727,1.095716266,1.116629859,1.061789593
var66,0.951568074,0.951128965,0.837585477,0.883835714,0.844033581,0.836843384,0.922562704,0.925624436,0.938090433,0.94505556,1.010609643,0.970182681,0.94413434,0.91014533,0.973933547,0.951148095,1.091996603,0.992668054,1.055276953,0.863615324,0.994371393
var67,0.95459491,0.970573326,0.881091601,0.864413308,0.946144256,0.977204782,1.065221521,1.056680976,0.965362421,0.932536224,0.957216235,0.958165047,0.93710444,0.952746715,0.956213013,0.862381119,1.025687235,1.03002533,0.940636837,0.899578824,0.998313255
var68,0.835528224,0.824457961,0.958683342,1.019317531,0.805245659,1.202620625,0.889997941,0.969636472,0.888690306,0.978344199,0.927936741,0.985078973,1.071296849,0.990832953,1.282852587,0.94150579,1.36443098,1.274565172,1.112787095,0.909913068,1.090453554
var69,0.953361037,0.91439241,0.859536804,0.799494144,1.051870011,0.929501362,1.018397174,1.167762096,0.982864447,0.844153689,0.853499248,0.94373723,0.928561153,0.786668056,0.938804361,0.733803078,0.915993437,0.943051209,0.808100185,0.90360698,0.999208557
var70,0.976051349,0.942530279,0.833171135,0.726243904,1.110192146,0.993366366,0.979574635,1.075186926,0.862198371,1.015275688,0.975262377,1.097667246,0.994918983,1.018221583,1.092949375,0.926192407,1.147193246,1.106025738,1.130134116,0.958339765,1.049814971
var71,1.165848501,1.544428514,1.112736058,1.492437516,1.050817427,0.856664435,1.030165286,1.197424502,1.302366208,1.055388815,0.574136143,1.021419491,0.568069455,0.382518329,1.12948656,1.126063894,0.844660768,0.608128046,1.115838036,0.76454861,1.306785307
var72,0.935731927,1.204476681,0.869871673,1.141214964,0.703601056,0.833033089,0.994603432,0.950987367,1.127472131,0.837696321,0.991030136,0.932840077,1.070238778,0.92807113,0.755634212,0.988937763,1.103682132,1.036799682,0.760417444,0.641208498,0.914173437
var73,0.917080034,1.570920577,0.982535995,1.130392674,0.983145404,0.851992416,0.565035684,1.154308833,1.299258999,0.809321506,0.332278854,0.72435774,0.537090887,0.598693081,1.062729546,1.012288126,0.785997867,0.547175461,1.062067664,0.884777496,1.166651383
var74,0.947679349,0.942790481,0.898973606,0.899809203,0.764074369,0.829298797,0.954599838,0.963777994,0.785581915,0.88333513,1.034070649,0.941882134,1.01276376,0.871324926,1.014303531,0.984372811,1.069340292,1.014479948,0.87312807,0.844989912,1.093941692
var75,0.899404861,1.7863484,0.840224418,0.94800477,0.743776685,0.762634337,0.935508482,0.953152301,0.940929927,0.783715523,0.921632755,0.842039687,0.709143034,0.950769158,0.873300892,0.855804858,0.949022319,0.918215257,1.018258515,0.7690332,0.836112462
var76,1.174754445,1.175302416,0.92111009,1.174702804,0.898426938,0.871915274,1.090555939,1.078210586,0.788604538,0.911803681,1.136171342,0.931888209,0.941254827,0.841747509,0.795506557,0.829793903,1.208154131,1.278371548,0.799812927,0.675739439,0.894303389
var77,0.870523983,1.048117693,0.820994945,0.976688478,0.899779421,1.018943042,1.053502162,1.00844261,1.000979042,0.901139815,0.974285094,0.915857314,0.906950967,0.949367281,0.992296245,0.958487251,1.050203233,1.023160634,1.003765908,0.94265773,0.998300744
var78,1.002240941,0.961867647,0.973951122,0.924691302,0.976268448,0.973802407,0.980785104,1.040674992,0.91054296,0.93794476,0.97133413,0.931980446,1.000001032,0.993554028,0.985338765,0.920693474,0.964633712,1.020741027,0.976101796,0.95980691,0.990253773
var79,0.817439513,0.678815461,0.707710811,0.878950558,0.607682038,0.607155514,0.838193708,1.019204866,0.927560744,1.126997433,0.802803422,0.897223487,0.883658285,0.853257908,0.799455956,0.776535942,0.978183426,0.85509136,1.150223433,0.780476868,0.847392899
var80,0.870554369,1.042367582,0.8224963,1.513579576,1.697142368,1.787578975,2.070524583,2.378086769,0.333484586,0.357495463,1.574716657,1.248956819,1.046694415,1.399188191,0.981745648,0.55361526,0.826927427,0.066292893,0.444958958,0.544628602,0.51268265
var81,0.480404714,1.42014397,0.626761876,0.597657553,2.172527083,3.340489337,0.729888589,1.091640606,3.110557526,0.671203841,0.614932575,0.45471927,0.482055647,0.482598124,1.064595627,1.077775247,1.281538884,1.87661487,1.791988294,1.006193221,0.785258551
var82,1.191878552,0.884680944,0.900486308,0.720557135,0.613624805,0.701221194,0.748104435,0.594693272,0.877763979,1.354895206,0.88063918,0.779489048,0.990501132,0.967047096,0.853740416,0.93353709,1.0541622,1.781609412,1.019829098,1.212818338,1.30788528
var83,0.833084037,0.981578557,0.600896572,1.226935884,0.771098253,1.240395891,0.72750789,1.087725583,0.151273927,0.734625792,0.775059908,0.658541366,0.355622787,0.800947222,0.955704256,0.844938409,0.592968739,0.580479519,0.515213173,0.675867499,0.925912411
var84,0.894928034,0.940891991,0.836227954,0.978752347,0.934088844,0.891119071,0.925781609,1.08804946,0.982894567,0.872727463,1.047640245,0.963157258,0.99773172,0.927323284,1.011514896,0.965198407,0.976643029,0.869870096,0.96028387,0.985107945,0.965923872
var85,0.963310703,0.626585181,0.700508534,0.956572894,0.522073284,1.05876007,1.256228836,1.080409595,0.752522921,1.451146422,0.812562714,0.850701551,1.575953524,0.932693088,2.123821339,0.693760708,0.588521953,1.151510839,0.774323361,1.292744025,0.521421485
var86,1.188239384,0.711203169,0.945073198,0.785371275,1.082190952,0.920754272,0.868766762,0.808775933,0.820008564,1.030138493,1.036265572,1.038281684,0.931096616,1.044254473,1.019377824,0.773285216,1.053065353,1.403962542,1.089414224,1.560815648,1.257782459
var87,0.944749779,0.939976867,0.722381951,0.858142635,0.93364882,0.821730804,0.881592028,0.951715601,0.850994609,0.893345768,1.050306751,1.057457509,0.96071844,1.04906293,0.83848313,0.920118176,0.901178206,0.820795977,0.919763088,1.025808591,1.00001829
var88,0.918566544,1.134831826,1.169396943,1.073204601,0.820759198,1.068320676,0.905122906,1.185185303,0.854900636,1.047202719,1.151256501,0.904467143,0.895207677,0.923390246,1.116454743,0.749690821,0.71453225,1.158715567,0.891800678,0.896980117,1.105553915
var89,0.814292835,0.801517821,0.888479927,0.887563771,1.010796135,1.083120972,0.91259334,1.06477046,0.62278776,0.69307654,0.724934676,0.819149292,0.625865057,0.714452636,0.797968101,0.655117558,0.666454589,0.649964873,0.633286518,0.923070803,0.785102506
var90,0.946800165,1.228457107,2.181675704,1.372164467,0.607619047,0.716131702,1.741348689,1.204448758,1.134774052,0.458087652,0.711344581,0.351355235,0.50149609,0.519676841,0.167194179,0.43273393,0.967073484,1.203918359,0.43581982,0.562592842,0.704541848
var91,1.497020386,0.903458295,1.569449042,1.233068758,1.528419561,0.415508764,1.633108643,1.593176155,1.190192918,0.978483772,1.013580848,1.231940714,0.435838062,0.473352069,0.506406305,0.291563394,0.709447924,0.245077573,1.150722339,0.563303316,1.019932395
var92,0.741316176,1.130429074,0.582638771,1.943118681,0.747119899,2.046020462,0.870242151,1.282456825,0.099238397,0.633800641,0.718291603,0.683319842,0.212525955,1.040326471,0.655839667,0.841786365,0.339289127,0.36606669,0.486753436,0.540566237,0.852780362
var93,0.943130087,1.226609926,0.379597321,1.254795939,0.862545372,1.469778153,0.727370622,1.152730916,0.059664155,0.699375931,0.860722525,0.688974273,0.109063204,1.292990442,1.075650678,1.119971853,0.464151843,0.399502339,0.547707883,0.680956294,1.414257855
var94,1.265036133,0.946890992,0.86761841,1.281185946,0.891471065,0.75816427,1.085740358,1.263640803,0.905985867,0.857525696,1.018641676,0.967074492,0.951401356,0.80999517,0.772665275,0.71703263,1.130603713,1.264990099,0.740911903,0.594579027,0.889674124
var95,0.828678107,0.828953617,0.987834175,1.019855562,0.925362506,0.931805345,0.789653913,0.93964947,1.108936845,1.098749864,0.832604499,1.155835819,1.041686381,0.995350828,1.112082537,1.207868656,1.04603353,1.009476315,1.056529174,0.976261925,0.996197622
var96,0.556644448,1.123613123,1.210138863,2.028772659,0.883271615,1.301818111,0.516592745,0.247863568,1.600377713,0.425164745,0.576915957,0.70260712,0.720273433,0.332925922,0.177708107,0.720944699,0.734984423,0.250686172,0.427123979,0.851378886,0.676857078
var97,0.912951321,0.812812013,0.894690492,0.890981743,0.853692617,0.793978052,0.827371866,1.046432604,0.957201423,0.960894204,0.905561451,0.92724318,0.91740836,0.961713616,0.902438811,1.019410901,0.926782127,0.936401419,0.89677347,1.109237628,0.864947893
var98,0.90935014,0.918055699,1.521867777,1.377915559,1.098803164,1.758577515,1.514156531,1.26327006,1.277828099,1.011103464,0.941627418,0.957921353,0.956315322,0.936871814,0.94289972,0.922822018,0.828941631,0.894752338,0.892101548,1.10365347,0.901812867
var99,1.17117788,1.291669404,1.031368984,1.063934609,0.842646121,0.609094927,0.76885491,1.018352636,1.005353399,1.005368111,1.063517185,0.832365387,0.901676673,0.875193572,1.096090088,1.200643308,1.085614438,0.915173997,1.055157963,0.652197132,0.943452955
var100,1.20853738,1.047089268,0.808603068,0.78673829,0.887409973,0.855827655,0.888067357,0.861316559,0.991801509,1.138516281,1.149956078,1.114687077,1.148987565,1.181975525,1.193904112,1.192770678,1.13942371,1.226986851,1.119339472,0.829924623,1.10478778
var101,1.133199789,1.080046726,0.82307095,0.908714261,0.822088314,0.830732685,0.928316661,0.872018221,0.994944382,1.050232328,1.204865958,1.032750165,1.062591441,1.033931054,1.063358416,1.122471252,1.140256285,1.123874416,1.022209247,0.751966416,1.158123284
var102,0.976589686,0.989415081,0.781819938,1.045563581,0.830083982,0.851448662,1.152119859,1.034132806,1.329240402,0.814760067,0.914232921,0.908284269,1.100193777,1.002911931,0.817300944,0.883968462,0.901388313,1.028703509,0.795525067,0.823149127,0.945699605
var103,1.00454194,1.027318635,0.907937482,0.856321789,0.917884797,0.862843494,0.968570257,0.968198877,0.926242021,0.90945709,1.022805746,1.083484148,0.968322075,0.992376007,1.055640928,0.897345161,1.123057128,1.085002927,0.913531527,0.866603713,1.035627507
var104,0.923761134,1.133984434,0.861338091,1.095601238,0.674195357,0.941223605,1.072314328,0.918324272,0.964568088,0.756014577,0.850810444,0.924772823,0.983855444,0.86248229,0.852590868,0.95303321,1.051208565,1.042429597,0.830063454,0.640067735,0.935788923
var105,0.909178783,1.03223691,0.899057587,0.965451953,0.840766425,0.896352597,0.892810178,0.934783329,1.112932438,0.952656678,1.03141188,1.048533432,1.055161472,1.03822015,0.892651114,0.956603149,1.073000574,1.043746795,0.967337319,0.909273554,0.992340489
var106,0.882520421,0.963256395,0.773071391,0.897835881,0.813517717,0.823296782,1.005336487,1.011597814,0.969608633,0.863970748,0.998427289,0.957084997,0.970943409,0.944021939,1.03443828,0.994514332,1.117772555,1.035722245,0.9844462,0.88897344,1.033494218
var107,0.969507797,0.861593931,0.941163303,0.871403351,0.919936046,0.874786542,0.919925531,1.063173682,0.81535636,0.93351756,0.927001005,0.980054858,0.913205469,0.985065253,0.922469646,0.97113941,0.907917312,0.924601867,0.868560123,1.097442984,0.987684813
var108,0.960616006,0.926106465,1.109604033,1.425382796,0.957507435,1.548201401,1.246985803,1.04175259,1.023148476,1.046100914,1.022751842,1.147127622,1.449139413,1.017459645,0.782175341,0.773235945,0.882560325,1.06178165,0.982566884,1.242705464,0.857283643
var109,0.962701953,0.843678741,0.941973407,0.847459438,1.047435753,1.032256312,0.934664824,0.99936345,0.780087432,0.920141135,0.961424384,0.93836456,0.837943983,1.069952756,0.995789829,0.927765955,0.880220885,0.938881293,0.934838707,1.048299241,1.047201527
var110,1.05298172,1.150529784,1.277817637,0.943403158,1.171150468,1.419953339,1.006672757,0.844009855,1.188241314,1.2529488,1.192607039,1.291717174,1.165428614,1.136051519,1.305475802,1.340848554,1.166500476,1.154421285,1.360105458,0.963832421,1.160321772
var111,1.232547562,0.991434013,0.87981491,0.823926241,0.567236871,0.845235616,1.130997492,1.110330636,0.872859705,1.536404207,1.261193913,1.420675539,2.853785582,1.177648446,1.146305781,1.482583912,1.409404207,1.176234686,1.326916099,0.839954191,0.868844583
var112,0.840225611,0.904600587,0.844061287,0.916582308,0.983670567,1.014929607,1.141655906,0.865292307,0.913330388,1.020893096,0.972816547,0.959928117,0.992199673,1.048150105,1.071382925,0.791140526,1.132928738,1.037422141,1.169077957,1.014044397,1.104688155
var113,0.964173428,0.943953947,0.971553696,1.024100032,0.78568001,0.895476594,0.915379879,0.955942725,0.778997115,0.661798638,0.822660095,0.822396659,0.803951741,0.869820801,0.690373686,0.796885899,0.886325164,0.817666198,0.823803103,0.780665171,0.744274166
var114,0.77567433,0.513635946,0.556253017,0.659708273,0.598207,1.614692891,0.811928897,0.680918255,0.501261829,0.564251944,0.82462657,0.691473113,1.886964398,2.486779526,0.958123103,0.513886999,0.667402743,0.917564174,0.508016928,0.566371112,1.312313537
var115,1.086056041,0.731476832,0.641963282,1.267599631,0.916762745,0.74927213,1.048274317,0.738824639,0.539697442,0.917892933,1.180361552,1.191380219,1.288190064,0.948288047,0.902971837,0.739012557,1.052037885,1.179639281,1.055406388,0.751154259,1.150369768
var116,0.61813464,0.896968815,0.817542315,0.93153582,0.649530971,0.879471776,1.059654064,1.120170409,0.482310521,0.736746269,0.861291597,0.740343239,0.867975326,0.927558112,1.143310915,0.751175527,0.682199266,0.743434524,1.052672083,1.28605588,0.658422861
var117,0.976046908,0.934897948,1.036556285,1.108473811,0.97897032,0.95372729,0.940796909,0.983928138,0.979519251,0.90328328,1.000737973,1.025302246,0.96620384,0.977440041,1.057086822,1.026431596,0.968815431,0.973649455,1.073803299,1.064041687,0.935727663
var118,0.94152154,0.816823285,1.000828284,1.052038436,1.134484278,1.02119114,1.041021148,0.91639689,0.826095117,1.037720684,1.086734377,0.992093417,0.880358686,1.117950207,0.95930905,0.95603477,1.032998148,1.162649565,1.194679202,0.997129205,1.128953329
var119,0.98397381,0.935540801,0.972275028,0.843134891,1.032699253,0.897653275,1.01943893,0.88800281,1.140891349,0.901008597,1.040805511,0.933772528,1.072679721,0.940585901,1.10502488,1.007424816,1.108214358,0.968111956,0.974543303,1.121518879,1.108108629
var120,0.727078989,0.790900882,0.744373954,0.657056666,0.885523245,0.877227003,0.811221429,0.842074969,0.75889714,1.064514677,1.131865047,0.93051533,0.935544679,0.941468585,1.090452354,0.852631646,1.028779104,0.955178656,0.941793875,0.99798093,0.920483611
var121,0.858614777,1.669045646,0.352745273,0.644847466,0.644207604,0.606756214,0.671804084,1.621985135,0.770269926,0.476737653,0.963316902,1.003033722,1.99342783,1.115714017,0.749808128,0.802786192,0.656779982,0.713553458,0.367152228,1.071809377,0.539573374
var122,0.867093076,1.017157993,0.789211961,1.13259994,0.681191199,0.889253697,0.929024837,0.980924381,0.957878611,0.91713148,0.98212843,0.864076246,0.889454227,1.056403379,1.021142218,1.00467449,1.012766779,1.01246573,0.904134709,0.831460844,0.953942385
var123,0.817372044,1.079233635,0.729614143,1.403933071,0.922664993,1.610655448,0.998122504,1.266218314,0.152895357,0.682053344,0.807003076,0.701573881,0.270862168,0.832512302,0.724850395,0.810379143,0.406971656,0.477864807,0.494762678,0.702609008,0.865886907
var124,0.920900811,1.23359548,1.100493463,0.917199613,1.081312207,1.156593959,0.959918699,0.935481421,0.912119715,0.852847065,1.168383165,0.929686151,0.84631408,0.94460569,0.849867994,1.076114653,0.801724269,0.910052017,0.852718348,0.963333936,1.148373299
var125,0.992633499,0.875507556,0.914550245,0.904242792,1.088968771,1.024840198,1.065444837,1.028475226,0.906613833,0.921550697,0.893057398,0.991687081,0.828233548,0.916998467,0.950343438,0.825587737,0.82356876,0.932035004,0.925573569,0.993014085,0.958989754
var126,1.109082156,1.749608271,1.229139252,1.282232674,0.452491306,1.211556078,1.144987582,0.804663193,1.75861926,0.909386412,1.577665279,1.390155921,1.13191863,0.898968668,0.81591602,0.972006171,1.251907825,0.908043733,0.588462657,0.443446008,0.891404107
var127,1.769236466,1.529140309,1.10965405,0.920950604,1.253855189,1.0206947,0.988670372,0.732555265,1.628485188,1.649003195,1.615671409,1.378950783,1.377806783,1.256721262,1.464199612,1.901204226,1.645563658,1.689014766,1.5067583,0.5909008,1.423582223
var128,0.967359409,0.879954545,1.049247293,0.942717204,1.062301399,0.835528446,1.04733927,1.022131597,0.880338658,0.839674109,0.90633565,1.067597776,0.847451932,0.920116388,0.937421245,0.801290287,0.985896869,0.823025209,0.788325652,0.721554597,0.898617477
var129,0.930984204,0.825463628,1.021837314,1.048605679,0.990961236,0.980709981,1.124341413,0.998728797,0.843305748,0.786280297,0.883196037,0.930507917,0.817385271,0.805503114,0.862880095,0.843052471,0.848786918,0.782085208,0.795601902,0.809772309,0.917866276
var130,1.051749812,0.855837422,1.09902892,0.771766096,1.294842253,1.355455649,1.087392232,1.120931709,0.720898572,0.952158693,0.816271892,0.98356723,0.802482131,0.991935351,1.084170115,0.787818408,0.836610748,0.944086288,1.128949113,1.144264258,1.135517771
var131,2.011835127,1.308915819,1.062006354,0.522367695,1.601059371,1.306775803,0.830922732,0.529780276,2.040242672,2.134149061,2.233283444,1.967171488,1.771446929,2.115290695,3.224352104,2.81628522,1.547192359,2.144040741,2.196813358,0.661903221,1.924506473
var132,1.437901542,1.049956645,1.55637717,1.153869408,1.203582987,3.246145371,1.282635817,0.950624252,1.07888745,1.14373871,1.560470387,0.88251509,1.008602278,1.554098255,1.865477421,1.529402944,0.997615945,1.895573848,1.075518521,0.579460021,2.009175313
var133,0.978915155,0.822185479,0.830495009,0.768030837,0.853652505,0.720707647,0.610708737,0.890213302,0.732725204,0.94579159,0.857809845,0.737284418,1.261461051,0.796273082,1.010808287,1.664999556,1.179360992,0.628503707,0.560415336,0.923603188,1.027961303
var134,0.798295895,0.777867205,0.812899743,0.789179702,0.841619776,0.881869311,0.729944092,0.778234008,0.741146759,0.785673735,0.792614122,0.659569835,0.697181465,0.641174378,0.936072909,0.689646989,0.697972869,0.826306056,0.695004442,0.630651269,0.631036198
var135,0.636343953,0.796181902,1.118283569,1.507637523,0.660261221,0.997184727,1.101243077,0.90183701,0.861178087,1.476733045,1.07965811,0.889484207,1.211613408,0.965787601,1.259886121,1.451135298,1.253758632,0.995956147,1.097168701,0.643182424,0.905063291
var136,1.056376643,1.083491907,0.73102242,0.907876252,0.67553131,0.947868211,1.063160168,1.007019222,1.098656226,1.076774491,0.973026737,1.041479587,1.222001975,0.996799959,1.040596632,1.123803956,1.039670295,0.872858241,1.19043463,0.679315888,0.845495153
var137,0.911509325,0.910328014,0.820657874,0.995719689,0.862702417,0.863634161,1.040143613,0.917945718,1.290127114,0.950087142,0.959886316,1.130426834,1.048513007,1.012097721,0.988557203,1.040719346,1.013853305,1.006654374,1.02457605,0.885009678,0.911796524
var138,1.04214425,1.055374694,0.759086634,1.102406587,0.775023204,0.961075406,1.131477693,1.059047563,0.909504905,0.89001057,0.928743654,0.874755154,0.999470738,1.035844986,0.882300614,0.974035915,0.962960711,0.999343501,0.840058971,0.779128355,0.977784783
var139,1.022201689,0.997155179,0.750738476,0.929332176,0.848316384,0.878520793,0.893048651,0.916574245,0.995278514,1.047755341,0.981891092,1.09791028,1.079483713,1.114848675,1.079300073,1.082976418,1.075780259,1.111054555,1.04074368,0.953165208,0.996617248
var140,1.118069574,2.021366677,0.286670268,1.225103881,0.295355136,0.127707133,0.566066915,1.036017913,0.974166183,0.865336685,0.59270259,0.905552006,1.349414743,0.729878356,0.300096733,1.323474517,1.268796149,0.585735421,0.567207372,0.456028056,0.381337101
var141,0.886626909,0.852120635,0.809434255,1.148968193,0.744015367,1.234106238,1.029468727,1.075100651,0.850233903,1.380606244,1.024470178,1.342018325,1.183003207,1.29042656,1.288154132,1.427147488,1.062320977,1.035945894,1.369650805,0.993146538,1.00726927
var142,1.055396189,1.172020057,1.077842201,1.311406575,1.099197951,1.068117561,1.261794569,1.374591589,0.956483946,1.129988954,1.061657294,1.046558424,1.075879933,0.998927577,1.273576027,1.041293873,0.878624276,1.14412114,1.134443527,0.897934958,1.193367501
var143,1.176101489,0.439062146,0.493463012,0.770905103,0.445573952,0.563645535,0.547174236,0.601607302,0.492592278,0.876715814,0.437870239,0.643171709,1.211467531,0.97086943,0.501216317,0.64481712,0.74473453,0.385376062,0.587131706,0.896241563,0.470539604
var144,0.50778963,1.629673702,0.969496477,0.681624853,3.204140974,0.792736127,0.266001444,0,0.130271991,1.702666864,1.273175858,2.427483333,1.057132647,1.660593218,0.808144953,1.140187294,3.921012354,1.430272585,1.838441338,1.743563549,3.275521775
var145,1.100713551,1.079691413,0.766777981,1.010827754,0.905071166,1.074668046,1.087000932,1.126846492,0.893117563,0.87252294,0.959895818,0.865483877,1.128675211,0.777448997,1.147967972,0.906528218,0.790420791,1.251692659,0.875392554,0.810236935,0.97554728
var146,1.428174156,1.069535994,1.019998054,1.188439808,1.057135675,1.290129655,1.462642752,1.368562486,1.213811865,1.188083304,1.103772057,1.083767583,0.979459594,1.392712606,1.319942667,1.168702815,1.159646642,1.235979824,1.092492722,1.043348969,1.164324203
var147,0.992726609,1.006625708,0.925875571,0.852606192,1.279396206,0.848634159,0.828793061,0.995818063,0.793611045,1.126451706,0.973772694,1.148814853,1.092511034,1.116629934,1.317250039,1.017619133,1.084973026,1.028244204,1.178816888,1.066916584,1.099697317
